,Clouds,Conditions,DateUTC<br>,DewpointF,HourlyPrecipIn,Humidity,PressureIn,SoftwareType,SolarRadiationWatts/m^2,TemperatureF,Time,WindDirection,WindDirectionDegrees,WindSpeedGustMPH,WindSpeedMPH,dailyrainin
2016-10-17 00:03:00,,,2016-10-17 07:03:00,55.8,0.00,92,29.81,WS-1001 V2.3.3,0.00,58.1,2016-10-17 00:03:00,SW,224,0.0,0.0,0.00
2016-10-17 00:08:00,,,2016-10-17 07:08:00,55.8,0.00,92,29.81,WS-1001 V2.3.3,0.00,58.1,2016-10-17 00:08:00,SW,225,0.0,0.0,0.00
2016-10-17 00:13:00,,,2016-10-17 07:13:00,55.8,0.00,92,29.81,WS-1001 V2.3.3,0.00,58.1,2016-10-17 00:13:00,SSW,211,0.0,0.0,0.00
2016-10-17 00:18:00,,,2016-10-17 07:18:00,55.8,0.00,92,29.80,WS-1001 V2.3.3,0.00,58.1,2016-10-17 00:18:00,SW,221,0.0,0.0,0.00
2016-10-17 00:23:00,,,2016-10-17 07:23:00,55.8,0.00,92,29.80,WS-1001 V2.3.3,0.00,58.1,2016-10-17 00:23:00,SW,217,0.0,0.0,0.00
2016-10-17 00:29:00,,,2016-10-17 07:29:00,55.6,0.00,92,29.80,WS-1001 V2.3.3,0.00,57.9,2016-10-17 00:29:00,SW,221,0.0,0.0,0.00
2016-10-17 00:44:00,,,2016-10-17 07:44:00,55.9,0.00,93,29.80,WS-1001 V2.3.3,0.00,57.9,2016-10-17 00:44:00,SW,217,0.0,0.0,0.00
2016-10-17 00:49:00,,,2016-10-17 07:49:00,55.8,0.00,93,29.80,WS-1001 V2.3.3,0.00,57.7,2016-10-17 00:49:00,SSW,207,0.0,0.0,0.00
2016-10-17 00:54:00,,,2016-10-17 07:54:00,56.1,0.00,94,29.80,WS-1001 V2.3.3,0.00,57.7,2016-10-17 00:54:00,West,264,2.5,0.4,0.00
2016-10-17 00:59:00,,,2016-10-17 07:59:00,55.9,0.00,94,29.80,WS-1001 V2.3.3,0.00,57.6,2016-10-17 00:59:00,SW,217,0.0,0.0,0.00
2016-10-17 01:04:00,,,2016-10-17 08:04:00,55.8,0.00,94,29.80,WS-1001 V2.3.3,0.00,57.4,2016-10-17 01:04:00,SW,221,2.5,1.1,0.00
2016-10-17 01:09:00,,,2016-10-17 08:09:00,55.8,0.00,94,29.80,WS-1001 V2.3.3,0.00,57.4,2016-10-17 01:09:00,SW,224,0.0,0.0,0.00
2016-10-17 01:14:00,,,2016-10-17 08:14:00,55.4,0.00,94,29.80,WS-1001 V2.3.3,0.00,57.0,2016-10-17 01:14:00,SW,222,0.0,0.0,0.00
2016-10-17 01:19:00,,,2016-10-17 08:19:00,55.4,0.00,94,29.80,WS-1001 V2.3.3,0.00,57.0,2016-10-17 01:19:00,SW,222,2.5,1.8,0.00
2016-10-17 01:24:00,,,2016-10-17 08:24:00,55.2,0.00,94,29.80,WS-1001 V2.3.3,0.00,56.8,2016-10-17 01:24:00,SW,225,0.0,0.0,0.00
2016-10-17 01:29:00,,,2016-10-17 08:29:00,55.0,0.00,94,29.80,WS-1001 V2.3.3,0.00,56.7,2016-10-17 01:29:00,SW,220,0.0,0.0,0.00
2016-10-17 01:34:00,,,2016-10-17 08:34:00,55.0,0.00,94,29.80,WS-1001 V2.3.3,0.00,56.7,2016-10-17 01:34:00,WSW,256,2.5,0.2,0.00
2016-10-17 01:39:00,,,2016-10-17 08:39:00,55.0,0.00,94,29.80,WS-1001 V2.3.3,0.00,56.7,2016-10-17 01:39:00,SW,225,2.5,0.2,0.00
2016-10-17 01:45:00,,,2016-10-17 08:45:00,55.0,0.00,94,29.80,WS-1001 V2.3.3,0.00,56.7,2016-10-17 01:45:00,SW,224,0.0,0.0,0.00
2016-10-17 01:50:00,,,2016-10-17 08:50:00,55.0,0.00,94,29.80,WS-1001 V2.3.3,0.00,56.7,2016-10-17 01:50:00,SW,216,2.5,1.8,0.00
2016-10-17 01:55:00,,,2016-10-17 08:55:00,55.0,0.00,94,29.80,WS-1001 V2.3.3,0.00,56.7,2016-10-17 01:55:00,SW,223,2.5,0.2,0.00
2016-10-17 02:00:00,,,2016-10-17 09:00:00,55.0,0.00,94,29.80,WS-1001 V2.3.3,0.00,56.7,2016-10-17 02:00:00,WSW,251,4.9,4.0,0.00
2016-10-17 02:05:00,,,2016-10-17 09:05:00,55.2,0.00,95,29.80,WS-1001 V2.3.3,0.00,56.7,2016-10-17 02:05:00,SW,221,2.5,0.9,0.00
2016-10-17 02:10:00,,,2016-10-17 09:10:00,55.0,0.00,95,29.80,WS-1001 V2.3.3,0.00,56.5,2016-10-17 02:10:00,SW,225,2.5,0.9,0.00
2016-10-17 02:15:00,,,2016-10-17 09:15:00,55.4,0.00,96,29.80,WS-1001 V2.3.3,0.00,56.5,2016-10-17 02:15:00,SW,223,7.4,4.9,0.00
2016-10-17 02:20:00,,,2016-10-17 09:20:00,55.4,0.00,96,29.80,WS-1001 V2.3.3,0.00,56.5,2016-10-17 02:20:00,West,268,2.5,2.0,0.00
2016-10-17 02:25:00,,,2016-10-17 09:25:00,55.6,0.00,97,29.80,WS-1001 V2.3.3,0.00,56.5,2016-10-17 02:25:00,SW,224,7.4,5.8,0.00
2016-10-17 02:35:00,,,2016-10-17 09:35:00,55.4,0.00,97,29.80,WS-1001 V2.3.3,0.00,56.3,2016-10-17 02:35:00,West,265,4.9,2.9,0.00
2016-10-17 02:40:00,,,2016-10-17 09:40:00,55.6,0.00,98,29.80,WS-1001 V2.3.3,0.00,56.1,2016-10-17 02:40:00,West,280,2.5,0.9,0.00
2016-10-17 02:45:00,,,2016-10-17 09:45:00,55.4,0.00,98,29.80,WS-1001 V2.3.3,0.00,55.9,2016-10-17 02:45:00,SW,231,2.5,0.2,0.00
2016-10-17 02:50:00,,,2016-10-17 09:50:00,55.4,0.00,98,29.80,WS-1001 V2.3.3,0.00,55.9,2016-10-17 02:50:00,SW,221,4.9,2.9,0.00
2016-10-17 02:55:00,,,2016-10-17 09:55:00,55.4,0.00,98,29.80,WS-1001 V2.3.3,0.00,55.9,2016-10-17 02:55:00,WSW,251,4.9,3.4,0.00
2016-10-17 03:01:00,,,2016-10-17 10:01:00,55.8,0.00,99,29.80,WS-1001 V2.3.3,0.00,55.9,2016-10-17 03:01:00,West,260,4.9,3.6,0.00
2016-10-17 03:06:00,,,2016-10-17 10:06:00,55.6,0.00,99,29.80,WS-1001 V2.3.3,0.00,55.8,2016-10-17 03:06:00,SW,223,7.4,4.5,0.00
2016-10-17 03:11:00,,,2016-10-17 10:11:00,55.6,0.00,99,29.79,WS-1001 V2.3.3,0.00,55.8,2016-10-17 03:11:00,WSW,254,2.5,2.5,0.00
2016-10-17 03:16:00,,,2016-10-17 10:16:00,55.6,0.00,99,29.79,WS-1001 V2.3.3,0.00,55.8,2016-10-17 03:16:00,SW,223,4.9,2.0,0.00
2016-10-17 03:21:00,,,2016-10-17 10:21:00,55.6,0.00,99,29.79,WS-1001 V2.3.3,0.00,55.8,2016-10-17 03:21:00,SW,223,2.5,1.8,0.00
2016-10-17 03:26:00,,,2016-10-17 10:26:00,55.6,0.00,99,29.79,WS-1001 V2.3.3,0.00,55.8,2016-10-17 03:26:00,SW,222,2.5,1.8,0.00
2016-10-17 03:31:00,,,2016-10-17 10:31:00,55.6,0.00,99,29.78,WS-1001 V2.3.3,0.00,55.8,2016-10-17 03:31:00,SW,221,0.0,0.0,0.00
2016-10-17 03:36:00,,,2016-10-17 10:36:00,55.6,0.00,99,29.79,WS-1001 V2.3.3,0.00,55.8,2016-10-17 03:36:00,WSW,252,2.5,1.1,0.00
2016-10-17 03:41:00,,,2016-10-17 10:41:00,55.4,0.00,99,29.78,WS-1001 V2.3.3,0.00,55.6,2016-10-17 03:41:00,West,267,4.9,3.6,0.00
2016-10-17 03:46:00,,,2016-10-17 10:46:00,55.4,0.00,99,29.79,WS-1001 V2.3.3,0.00,55.6,2016-10-17 03:46:00,West,274,4.9,2.7,0.00
2016-10-17 03:51:00,,,2016-10-17 10:51:00,55.4,0.00,99,29.78,WS-1001 V2.3.3,0.00,55.6,2016-10-17 03:51:00,WSW,248,0.0,0.0,0.00
2016-10-17 04:01:00,,,2016-10-17 11:01:00,55.4,0.00,99,29.79,WS-1001 V2.3.3,0.00,55.6,2016-10-17 04:01:00,SW,217,0.0,0.0,0.00
2016-10-17 04:06:00,,,2016-10-17 11:06:00,55.2,0.00,99,29.78,WS-1001 V2.3.3,0.00,55.4,2016-10-17 04:06:00,SW,217,2.5,0.9,0.00
2016-10-17 04:11:00,,,2016-10-17 11:11:00,55.2,0.00,99,29.78,WS-1001 V2.3.3,0.00,55.4,2016-10-17 04:11:00,SW,224,2.5,2.0,0.00
2016-10-17 04:16:00,,,2016-10-17 11:16:00,55.2,0.00,99,29.78,WS-1001 V2.3.3,0.00,55.4,2016-10-17 04:16:00,SW,216,0.0,0.0,0.00
2016-10-17 04:22:00,,,2016-10-17 11:22:00,54.7,0.00,97,29.78,WS-1001 V2.3.3,0.00,55.4,2016-10-17 04:22:00,WSW,254,2.5,1.3,0.00
2016-10-17 04:27:00,,,2016-10-17 11:27:00,54.7,0.00,98,29.78,WS-1001 V2.3.3,0.00,55.2,2016-10-17 04:27:00,West,262,2.5,1.8,0.00
2016-10-17 04:32:00,,,2016-10-17 11:32:00,54.5,0.00,97,29.78,WS-1001 V2.3.3,0.00,55.2,2016-10-17 04:32:00,WSW,253,0.0,0.0,0.00
2016-10-17 04:37:00,,,2016-10-17 11:37:00,54.5,0.00,97,29.78,WS-1001 V2.3.3,0.00,55.2,2016-10-17 04:37:00,SW,222,0.0,0.0,0.00
2016-10-17 04:42:00,,,2016-10-17 11:42:00,54.5,0.00,97,29.78,WS-1001 V2.3.3,0.00,55.2,2016-10-17 04:42:00,SW,223,0.0,0.0,0.00
2016-10-17 04:47:00,,,2016-10-17 11:47:00,54.3,0.00,97,29.78,WS-1001 V2.3.3,0.00,55.0,2016-10-17 04:47:00,SSW,213,0.0,0.0,0.00
2016-10-17 04:52:00,,,2016-10-17 11:52:00,54.3,0.00,97,29.78,WS-1001 V2.3.3,0.00,55.0,2016-10-17 04:52:00,SSW,204,0.0,0.0,0.00
2016-10-17 04:57:00,,,2016-10-17 11:57:00,54.3,0.00,97,29.77,WS-1001 V2.3.3,0.00,55.0,2016-10-17 04:57:00,SSW,207,0.0,0.0,0.00
2016-10-17 05:02:00,,,2016-10-17 12:02:00,54.1,0.00,97,29.77,WS-1001 V2.3.3,0.00,54.9,2016-10-17 05:02:00,SSW,203,0.0,0.0,0.00
2016-10-17 05:07:00,,,2016-10-17 12:07:00,54.1,0.00,97,29.78,WS-1001 V2.3.3,0.00,54.9,2016-10-17 05:07:00,South,180,0.0,0.0,0.00
2016-10-17 05:13:00,,,2016-10-17 12:13:00,54.1,0.00,97,29.78,WS-1001 V2.3.3,0.00,54.9,2016-10-17 05:13:00,SSW,210,0.0,0.0,0.00
2016-10-17 05:18:00,,,2016-10-17 12:18:00,54.1,0.00,97,29.77,WS-1001 V2.3.3,0.00,54.9,2016-10-17 05:18:00,SW,222,0.0,0.0,0.00
2016-10-17 05:23:00,,,2016-10-17 12:23:00,54.1,0.00,97,29.78,WS-1001 V2.3.3,0.00,54.9,2016-10-17 05:23:00,West,263,2.5,1.1,0.00
2016-10-17 05:28:00,,,2016-10-17 12:28:00,54.1,0.00,97,29.77,WS-1001 V2.3.3,0.00,54.9,2016-10-17 05:28:00,SW,223,0.0,0.0,0.00
2016-10-17 05:33:00,,,2016-10-17 12:33:00,54.1,0.00,97,29.78,WS-1001 V2.3.3,0.00,54.9,2016-10-17 05:33:00,SW,220,2.5,2.0,0.00
2016-10-17 05:38:00,,,2016-10-17 12:38:00,54.1,0.00,97,29.79,WS-1001 V2.3.3,0.00,54.9,2016-10-17 05:38:00,SW,216,0.0,0.0,0.00
2016-10-17 05:43:00,,,2016-10-17 12:43:00,54.1,0.00,97,29.78,WS-1001 V2.3.3,0.00,54.9,2016-10-17 05:43:00,SSW,213,0.0,0.0,0.00
2016-10-17 05:48:00,,,2016-10-17 12:48:00,53.8,0.00,96,29.78,WS-1001 V2.3.3,0.00,54.9,2016-10-17 05:48:00,SW,220,2.5,1.8,0.00
2016-10-17 05:53:00,,,2016-10-17 12:53:00,53.8,0.00,96,29.78,WS-1001 V2.3.3,0.00,54.9,2016-10-17 05:53:00,SSW,211,0.0,0.0,0.00
2016-10-17 05:58:00,,,2016-10-17 12:58:00,54.1,0.00,97,29.78,WS-1001 V2.3.3,0.00,54.9,2016-10-17 05:58:00,SW,219,2.5,1.3,0.00
2016-10-17 06:03:00,,,2016-10-17 13:03:00,54.1,0.00,97,29.78,WS-1001 V2.3.3,0.00,54.9,2016-10-17 06:03:00,SW,224,2.5,0.4,0.00
2016-10-17 06:14:00,,,2016-10-17 13:14:00,54.1,0.00,97,29.79,WS-1001 V2.3.3,0.00,54.9,2016-10-17 06:14:00,SW,216,2.5,1.3,0.00
2016-10-17 06:19:00,,,2016-10-17 13:19:00,54.1,0.00,97,29.79,WS-1001 V2.3.3,0.00,54.9,2016-10-17 06:19:00,SW,221,4.9,2.9,0.00
2016-10-17 06:24:00,,,2016-10-17 13:24:00,54.1,0.00,97,29.79,WS-1001 V2.3.3,0.00,54.9,2016-10-17 06:24:00,SW,216,2.5,2.5,0.00
2016-10-17 06:29:00,,,2016-10-17 13:29:00,54.1,0.00,97,29.80,WS-1001 V2.3.3,0.00,54.9,2016-10-17 06:29:00,WSW,254,4.9,2.7,0.00
2016-10-17 06:34:00,,,2016-10-17 13:34:00,54.1,0.00,97,29.79,WS-1001 V2.3.3,0.00,54.9,2016-10-17 06:34:00,SW,223,0.0,0.0,0.00
2016-10-17 06:39:00,,,2016-10-17 13:39:00,54.1,0.00,97,29.79,WS-1001 V2.3.3,0.00,54.9,2016-10-17 06:39:00,SSW,207,2.5,2.0,0.00
2016-10-17 06:44:00,,,2016-10-17 13:44:00,54.0,0.00,97,29.79,WS-1001 V2.3.3,0.00,54.7,2016-10-17 06:44:00,South,190,0.0,0.0,0.00
2016-10-17 06:49:00,,,2016-10-17 13:49:00,54.1,0.00,97,29.80,WS-1001 V2.3.3,0.28,54.9,2016-10-17 06:49:00,SW,223,0.0,0.0,0.00
2016-10-17 06:54:00,,,2016-10-17 13:54:00,54.1,0.00,97,29.80,WS-1001 V2.3.3,1.64,54.9,2016-10-17 06:54:00,SW,219,2.5,1.1,0.00
2016-10-17 07:09:00,,,2016-10-17 14:09:00,54.1,0.00,97,29.81,WS-1001 V2.3.3,8.61,54.9,2016-10-17 07:09:00,SW,216,0.0,0.0,0.00
2016-10-17 07:14:00,,,2016-10-17 14:14:00,54.1,0.00,97,29.80,WS-1001 V2.3.3,8.70,54.9,2016-10-17 07:14:00,West,260,4.9,4.5,0.00
2016-10-17 07:25:00,,,2016-10-17 14:25:00,54.1,0.00,97,29.80,WS-1001 V2.3.3,15.86,54.9,2016-10-17 07:25:00,SSW,203,0.0,0.0,0.00
2016-10-17 07:30:00,,,2016-10-17 14:30:00,54.0,0.00,97,29.80,WS-1001 V2.3.3,22.05,54.7,2016-10-17 07:30:00,WSW,258,7.4,4.3,0.00
2016-10-17 07:35:00,,,2016-10-17 14:35:00,54.0,0.00,97,29.81,WS-1001 V2.3.3,26.18,54.7,2016-10-17 07:35:00,SSW,212,2.5,0.4,0.00
2016-10-17 07:40:00,,,2016-10-17 14:40:00,54.0,0.00,97,29.81,WS-1001 V2.3.3,25.95,54.7,2016-10-17 07:40:00,West,272,4.9,2.9,0.00
2016-10-17 07:45:00,,,2016-10-17 14:45:00,54.0,0.00,97,29.80,WS-1001 V2.3.3,41.38,54.7,2016-10-17 07:45:00,West,260,2.5,0.2,0.00
2016-10-17 07:50:00,,,2016-10-17 14:50:00,54.0,0.00,97,29.80,WS-1001 V2.3.3,40.80,54.7,2016-10-17 07:50:00,SW,220,2.5,1.1,0.00
2016-10-17 07:55:00,,,2016-10-17 14:55:00,54.0,0.00,97,29.80,WS-1001 V2.3.3,48.11,54.7,2016-10-17 07:55:00,WSW,254,2.5,0.4,0.00
2016-10-17 08:00:00,,,2016-10-17 15:00:00,54.0,0.00,97,29.81,WS-1001 V2.3.3,57.08,54.7,2016-10-17 08:00:00,SW,224,0.0,0.0,0.00
2016-10-17 08:05:00,,,2016-10-17 15:05:00,54.1,0.00,97,29.81,WS-1001 V2.3.3,42.81,54.9,2016-10-17 08:05:00,SW,216,0.0,0.0,0.00
2016-10-17 08:10:00,,,2016-10-17 15:10:00,54.1,0.00,97,29.81,WS-1001 V2.3.3,45.83,54.9,2016-10-17 08:10:00,SW,220,2.5,0.2,0.00
2016-10-17 08:15:00,,,2016-10-17 15:15:00,54.1,0.00,97,29.81,WS-1001 V2.3.3,60.84,54.9,2016-10-17 08:15:00,SW,219,4.9,4.5,0.00
2016-10-17 08:20:00,,,2016-10-17 15:20:00,54.1,0.00,97,29.80,WS-1001 V2.3.3,71.51,54.9,2016-10-17 08:20:00,SW,214,4.9,2.9,0.00
2016-10-17 08:25:00,,,2016-10-17 15:25:00,54.7,0.00,99,29.81,WS-1001 V2.3.3,82.25,54.9,2016-10-17 08:25:00,WSW,246,2.5,2.0,0.00
2016-10-17 08:30:00,,,2016-10-17 15:30:00,54.1,0.00,97,29.81,WS-1001 V2.3.3,81.17,54.9,2016-10-17 08:30:00,WSW,254,2.5,1.3,0.00
2016-10-17 08:36:00,,,2016-10-17 15:36:00,54.1,0.00,97,29.81,WS-1001 V2.3.3,79.48,54.9,2016-10-17 08:36:00,WSW,258,4.9,4.5,0.00
2016-10-17 08:41:00,,,2016-10-17 15:41:00,54.1,0.00,97,29.81,WS-1001 V2.3.3,92.06,54.9,2016-10-17 08:41:00,WSW,248,2.5,2.0,0.00
2016-10-17 08:46:00,,,2016-10-17 15:46:00,54.7,0.00,99,29.82,WS-1001 V2.3.3,93.96,54.9,2016-10-17 08:46:00,SW,223,0.0,0.0,0.00
2016-10-17 08:51:00,,,2016-10-17 15:51:00,54.9,0.00,99,29.82,WS-1001 V2.3.3,111.37,55.0,2016-10-17 08:51:00,SW,219,2.5,0.4,0.00
2016-10-17 08:56:00,,,2016-10-17 15:56:00,54.9,0.00,99,29.82,WS-1001 V2.3.3,106.84,55.0,2016-10-17 08:56:00,SW,223,4.9,2.7,0.00
2016-10-17 09:01:00,,,2016-10-17 16:01:00,54.9,0.07,99,29.81,WS-1001 V2.3.3,96.41,55.0,2016-10-17 09:01:00,SW,222,2.5,0.2,0.01
2016-10-17 09:06:00,,,2016-10-17 16:06:00,55.0,0.07,99,29.82,WS-1001 V2.3.3,121.38,55.2,2016-10-17 09:06:00,SW,214,4.9,3.4,0.01
2016-10-17 09:11:00,,,2016-10-17 16:11:00,54.5,0.00,97,29.82,WS-1001 V2.3.3,122.00,55.2,2016-10-17 09:11:00,West,261,2.5,1.1,0.01
2016-10-17 09:21:00,,,2016-10-17 16:21:00,55.2,0.00,99,29.82,WS-1001 V2.3.3,111.57,55.4,2016-10-17 09:21:00,West,267,0.0,0.0,0.01
2016-10-17 09:26:00,,,2016-10-17 16:26:00,55.2,0.00,99,29.82,WS-1001 V2.3.3,107.51,55.4,2016-10-17 09:26:00,West,260,2.5,1.1,0.01
2016-10-17 09:31:00,,,2016-10-17 16:31:00,55.2,0.00,99,29.82,WS-1001 V2.3.3,108.36,55.4,2016-10-17 09:31:00,SW,226,4.9,4.3,0.01
2016-10-17 09:36:00,,,2016-10-17 16:36:00,55.2,0.00,99,29.82,WS-1001 V2.3.3,104.44,55.4,2016-10-17 09:36:00,SW,222,2.5,0.9,0.01
2016-10-17 09:41:00,,,2016-10-17 16:41:00,55.2,0.00,99,29.83,WS-1001 V2.3.3,106.75,55.4,2016-10-17 09:41:00,SSW,211,4.9,2.7,0.01
2016-10-17 09:46:00,,,2016-10-17 16:46:00,55.4,0.00,99,29.82,WS-1001 V2.3.3,113.94,55.6,2016-10-17 09:46:00,SW,216,0.0,0.0,0.01
2016-10-17 09:52:00,,,2016-10-17 16:52:00,55.4,0.00,99,29.83,WS-1001 V2.3.3,115.25,55.6,2016-10-17 09:52:00,SSW,210,4.9,2.7,0.01
2016-10-17 10:02:00,,,2016-10-17 17:02:00,55.6,0.00,99,29.83,WS-1001 V2.3.3,162.27,55.8,2016-10-17 10:02:00,SW,221,4.9,2.7,0.01
2016-10-17 10:07:00,,,2016-10-17 17:07:00,55.8,0.07,99,29.83,WS-1001 V2.3.3,184.46,55.9,2016-10-17 10:07:00,SW,215,2.5,0.9,0.02
2016-10-17 10:12:00,,,2016-10-17 17:12:00,55.9,0.07,99,29.83,WS-1001 V2.3.3,215.68,56.1,2016-10-17 10:12:00,SSW,212,2.5,0.4,0.02
2016-10-17 10:17:00,,,2016-10-17 17:17:00,56.5,0.00,99,29.83,WS-1001 V2.3.3,217.40,56.7,2016-10-17 10:17:00,West,263,7.4,3.4,0.02
2016-10-17 10:22:00,,,2016-10-17 17:22:00,56.8,0.00,99,29.83,WS-1001 V2.3.3,207.53,57.0,2016-10-17 10:22:00,SSW,204,2.5,2.0,0.02
2016-10-17 10:27:00,,,2016-10-17 17:27:00,57.0,0.00,99,29.83,WS-1001 V2.3.3,186.13,57.2,2016-10-17 10:27:00,SE,144,7.4,5.1,0.02
2016-10-17 10:32:00,,,2016-10-17 17:32:00,57.4,0.00,99,29.83,WS-1001 V2.3.3,200.81,57.6,2016-10-17 10:32:00,South,178,2.5,0.9,0.02
2016-10-17 10:37:00,,,2016-10-17 17:37:00,57.7,0.00,99,29.83,WS-1001 V2.3.3,171.47,57.9,2016-10-17 10:37:00,WSW,238,4.9,4.3,0.02
2016-10-17 10:42:00,,,2016-10-17 17:42:00,57.9,0.00,99,29.83,WS-1001 V2.3.3,166.73,58.1,2016-10-17 10:42:00,SW,216,4.9,4.0,0.02
2016-10-17 10:47:00,,,2016-10-17 17:47:00,58.1,0.00,99,29.83,WS-1001 V2.3.3,227.89,58.3,2016-10-17 10:47:00,SW,220,4.9,4.5,0.02
2016-10-17 10:52:00,,,2016-10-17 17:52:00,58.1,0.07,99,29.83,WS-1001 V2.3.3,190.07,58.3,2016-10-17 10:52:00,SSW,203,7.4,5.8,0.04
2016-10-17 10:58:00,,,2016-10-17 17:58:00,58.3,0.00,99,29.82,WS-1001 V2.3.3,192.84,58.5,2016-10-17 10:58:00,SW,223,7.4,5.8,0.04
2016-10-17 11:03:00,,,2016-10-17 18:03:00,58.5,0.00,99,29.83,WS-1001 V2.3.3,198.07,58.6,2016-10-17 11:03:00,WSW,256,4.9,3.4,0.04
2016-10-17 11:08:00,,,2016-10-17 18:08:00,58.5,0.00,99,29.82,WS-1001 V2.3.3,192.32,58.6,2016-10-17 11:08:00,WSW,254,2.5,2.5,0.04
2016-10-17 11:13:00,,,2016-10-17 18:13:00,58.5,0.07,99,29.83,WS-1001 V2.3.3,228.35,58.6,2016-10-17 11:13:00,SW,222,4.9,4.3,0.05
2016-10-17 11:18:00,,,2016-10-17 18:18:00,58.6,0.07,99,29.82,WS-1001 V2.3.3,196.55,58.8,2016-10-17 11:18:00,WSW,257,2.5,0.4,0.05
2016-10-17 11:28:00,,,2016-10-17 18:28:00,58.8,0.00,99,29.82,WS-1001 V2.3.3,233.08,59.0,2016-10-17 11:28:00,SW,223,7.4,4.0,0.05
2016-10-17 11:33:00,,,2016-10-17 18:33:00,58.8,0.00,99,29.81,WS-1001 V2.3.3,293.77,59.0,2016-10-17 11:33:00,SSW,211,4.9,3.4,0.05
2016-10-17 11:38:00,,,2016-10-17 18:38:00,58.8,0.00,99,29.81,WS-1001 V2.3.3,262.70,59.0,2016-10-17 11:38:00,SW,221,2.5,2.0,0.05
2016-10-17 11:43:00,,,2016-10-17 18:43:00,59.0,0.00,99,29.82,WS-1001 V2.3.3,233.02,59.2,2016-10-17 11:43:00,SW,223,4.9,4.0,0.05
2016-10-17 11:48:00,,,2016-10-17 18:48:00,59.0,0.00,99,29.82,WS-1001 V2.3.3,201.22,59.2,2016-10-17 11:48:00,South,183,4.9,2.5,0.05
2016-10-17 11:53:00,,,2016-10-17 18:53:00,59.0,0.00,99,29.81,WS-1001 V2.3.3,232.35,59.2,2016-10-17 11:53:00,SW,221,2.5,1.3,0.05
2016-10-17 11:58:00,,,2016-10-17 18:58:00,59.2,0.00,99,29.82,WS-1001 V2.3.3,197.89,59.4,2016-10-17 11:58:00,West,267,4.9,4.5,0.05
2016-10-17 12:04:00,,,2016-10-17 19:04:00,59.2,0.07,99,29.81,WS-1001 V2.3.3,210.36,59.4,2016-10-17 12:04:00,West,266,4.9,3.6,0.06
2016-10-17 12:09:00,,,2016-10-17 19:09:00,59.2,0.07,99,29.82,WS-1001 V2.3.3,399.89,59.4,2016-10-17 12:09:00,WSW,257,7.4,5.1,0.06
2016-10-17 12:14:00,,,2016-10-17 19:14:00,59.2,0.00,99,29.81,WS-1001 V2.3.3,192.29,59.4,2016-10-17 12:14:00,WSW,251,4.9,4.5,0.06
2016-10-17 12:19:00,,,2016-10-17 19:19:00,59.2,0.00,99,29.81,WS-1001 V2.3.3,204.03,59.4,2016-10-17 12:19:00,SSW,209,4.9,3.4,0.06
2016-10-17 12:24:00,,,2016-10-17 19:24:00,59.2,0.00,99,29.80,WS-1001 V2.3.3,150.09,59.4,2016-10-17 12:24:00,SW,215,4.9,4.5,0.06
2016-10-17 12:29:00,,,2016-10-17 19:29:00,59.2,0.00,99,29.81,WS-1001 V2.3.3,179.09,59.4,2016-10-17 12:29:00,WSW,253,4.9,2.9,0.06
2016-10-17 12:34:00,,,2016-10-17 19:34:00,59.2,0.00,99,29.80,WS-1001 V2.3.3,151.78,59.4,2016-10-17 12:34:00,SW,223,4.9,4.9,0.06
2016-10-17 12:39:00,,,2016-10-17 19:39:00,59.2,0.00,99,29.80,WS-1001 V2.3.3,236.47,59.4,2016-10-17 12:39:00,SSW,208,7.4,4.9,0.06
2016-10-17 12:44:00,,,2016-10-17 19:44:00,59.4,0.00,99,29.80,WS-1001 V2.3.3,145.45,59.5,2016-10-17 12:44:00,SSW,212,2.5,2.0,0.06
2016-10-17 12:49:00,,,2016-10-17 19:49:00,59.4,0.00,99,29.81,WS-1001 V2.3.3,172.02,59.5,2016-10-17 12:49:00,WNW,282,4.9,2.5,0.06
2016-10-17 12:54:00,,,2016-10-17 19:54:00,59.5,0.07,99,29.80,WS-1001 V2.3.3,237.46,59.7,2016-10-17 12:54:00,SSW,205,2.5,2.0,0.07
2016-10-17 12:59:00,,,2016-10-17 19:59:00,59.7,0.07,99,29.80,WS-1001 V2.3.3,204.49,59.9,2016-10-17 12:59:00,SW,218,4.9,3.4,0.07
2016-10-17 13:04:00,,,2016-10-17 20:04:00,59.7,0.00,99,29.80,WS-1001 V2.3.3,185.13,59.9,2016-10-17 13:04:00,WSW,258,4.9,2.0,0.07
2016-10-17 13:09:00,,,2016-10-17 20:09:00,59.9,0.00,99,29.80,WS-1001 V2.3.3,165.07,60.1,2016-10-17 13:09:00,SSW,205,4.9,2.9,0.07
2016-10-17 13:14:00,,,2016-10-17 20:14:00,59.9,0.00,99,29.79,WS-1001 V2.3.3,146.73,60.1,2016-10-17 13:14:00,SW,221,4.9,4.0,0.07
2016-10-17 13:20:00,,,2016-10-17 20:20:00,59.9,0.00,99,29.80,WS-1001 V2.3.3,203.24,60.1,2016-10-17 13:20:00,West,262,2.5,2.5,0.07
2016-10-17 13:25:00,,,2016-10-17 20:25:00,59.5,0.07,98,29.79,WS-1001 V2.3.3,183.44,60.1,2016-10-17 13:25:00,SW,218,4.9,3.4,0.08
2016-10-17 13:30:00,,,2016-10-17 20:30:00,59.9,0.07,99,29.79,WS-1001 V2.3.3,174.15,60.1,2016-10-17 13:30:00,WSW,249,9.8,7.2,0.08
2016-10-17 13:35:00,,,2016-10-17 20:35:00,60.1,0.00,99,29.79,WS-1001 V2.3.3,194.97,60.3,2016-10-17 13:35:00,WSW,254,4.9,4.3,0.08
2016-10-17 13:40:00,,,2016-10-17 20:40:00,59.7,0.00,98,29.78,WS-1001 V2.3.3,167.29,60.3,2016-10-17 13:40:00,SW,223,4.9,3.4,0.08
2016-10-17 13:45:00,,,2016-10-17 20:45:00,59.7,0.00,98,29.79,WS-1001 V2.3.3,157.68,60.3,2016-10-17 13:45:00,WSW,256,4.9,2.7,0.08
2016-10-17 13:50:00,,,2016-10-17 20:50:00,60.3,0.00,99,29.79,WS-1001 V2.3.3,146.64,60.4,2016-10-17 13:50:00,WSW,253,4.9,3.6,0.08
2016-10-17 13:55:00,,,2016-10-17 20:55:00,60.3,0.00,99,29.78,WS-1001 V2.3.3,146.96,60.4,2016-10-17 13:55:00,West,259,4.9,4.3,0.08
2016-10-17 14:00:00,,,2016-10-17 21:00:00,59.9,0.00,98,29.78,WS-1001 V2.3.3,268.04,60.4,2016-10-17 14:00:00,SW,223,2.5,0.9,0.08
2016-10-17 14:05:00,,,2016-10-17 21:05:00,60.1,0.00,98,29.78,WS-1001 V2.3.3,196.78,60.6,2016-10-17 14:05:00,West,267,4.9,2.9,0.08
2016-10-17 14:10:00,,,2016-10-17 21:10:00,60.1,0.00,98,29.78,WS-1001 V2.3.3,218.98,60.6,2016-10-17 14:10:00,WSW,258,9.8,7.4,0.08
2016-10-17 14:15:00,,,2016-10-17 21:15:00,60.1,0.00,98,29.78,WS-1001 V2.3.3,259.10,60.6,2016-10-17 14:15:00,West,261,7.4,4.9,0.08
2016-10-17 14:20:00,,,2016-10-17 21:20:00,60.1,0.00,98,29.78,WS-1001 V2.3.3,260.24,60.6,2016-10-17 14:20:00,SW,223,9.8,6.7,0.08
2016-10-17 14:25:00,,,2016-10-17 21:25:00,59.9,0.00,97,29.78,WS-1001 V2.3.3,259.69,60.8,2016-10-17 14:25:00,West,265,4.9,3.4,0.08
2016-10-17 14:30:00,,,2016-10-17 21:30:00,59.9,0.00,97,29.78,WS-1001 V2.3.3,275.43,60.8,2016-10-17 14:30:00,SW,220,7.4,6.7,0.08
2016-10-17 14:36:00,,,2016-10-17 21:36:00,59.7,0.00,96,29.78,WS-1001 V2.3.3,245.49,60.8,2016-10-17 14:36:00,SW,222,7.4,4.5,0.08
2016-10-17 14:41:00,,,2016-10-17 21:41:00,59.9,0.00,96,29.77,WS-1001 V2.3.3,472.98,61.0,2016-10-17 14:41:00,WSW,251,4.9,4.9,0.08
2016-10-17 14:46:00,,,2016-10-17 21:46:00,59.7,0.00,95,29.77,WS-1001 V2.3.3,164.87,61.2,2016-10-17 14:46:00,WSW,257,4.9,4.0,0.08
2016-10-17 14:51:00,,,2016-10-17 21:51:00,59.7,0.00,94,29.77,WS-1001 V2.3.3,213.05,61.3,2016-10-17 14:51:00,WSW,257,7.4,7.2,0.08
2016-10-17 14:56:00,,,2016-10-17 21:56:00,59.7,0.00,94,29.77,WS-1001 V2.3.3,230.40,61.3,2016-10-17 14:56:00,SW,223,2.5,1.8,0.08
2016-10-17 15:01:00,,,2016-10-17 22:01:00,59.5,0.00,93,29.77,WS-1001 V2.3.3,530.84,61.5,2016-10-17 15:01:00,SW,222,2.5,1.1,0.08
2016-10-17 15:06:00,,,2016-10-17 22:06:00,58.8,0.00,91,29.77,WS-1001 V2.3.3,898.57,61.5,2016-10-17 15:06:00,SW,219,4.9,2.9,0.08
2016-10-17 15:11:00,,,2016-10-17 22:11:00,59.0,0.00,91,29.77,WS-1001 V2.3.3,283.58,61.7,2016-10-17 15:11:00,West,261,4.9,4.0,0.08
2016-10-17 15:16:00,,,2016-10-17 22:16:00,59.0,0.00,91,29.76,WS-1001 V2.3.3,226.19,61.7,2016-10-17 15:16:00,West,263,4.9,4.3,0.08
2016-10-17 15:21:00,,,2016-10-17 22:21:00,59.2,0.00,91,29.77,WS-1001 V2.3.3,156.51,61.9,2016-10-17 15:21:00,WSW,258,4.9,3.4,0.08
2016-10-17 15:26:00,,,2016-10-17 22:26:00,59.5,0.00,92,29.76,WS-1001 V2.3.3,204.08,61.9,2016-10-17 15:26:00,WSW,239,4.9,4.3,0.08
2016-10-17 15:36:00,,,2016-10-17 22:36:00,59.2,0.00,91,29.77,WS-1001 V2.3.3,763.55,61.9,2016-10-17 15:36:00,SW,218,4.9,4.0,0.08
2016-10-17 15:41:00,,,2016-10-17 22:41:00,59.0,0.00,90,29.76,WS-1001 V2.3.3,187.12,61.9,2016-10-17 15:41:00,West,262,4.9,4.0,0.08
2016-10-17 15:46:00,,,2016-10-17 22:46:00,58.5,0.00,88,29.76,WS-1001 V2.3.3,269.76,62.1,2016-10-17 15:46:00,SW,231,9.8,8.1,0.08
2016-10-17 15:52:00,,,2016-10-17 22:52:00,58.1,0.00,86,29.76,WS-1001 V2.3.3,262.23,62.2,2016-10-17 15:52:00,WSW,241,9.8,7.6,0.08
2016-10-17 15:57:00,,,2016-10-17 22:57:00,58.8,0.00,88,29.76,WS-1001 V2.3.3,556.88,62.4,2016-10-17 15:57:00,WSW,258,7.4,7.2,0.08
2016-10-17 16:02:00,,,2016-10-17 23:02:00,58.6,0.00,87,29.76,WS-1001 V2.3.3,314.88,62.6,2016-10-17 16:02:00,SW,220,4.9,2.7,0.08
2016-10-17 16:07:00,,,2016-10-17 23:07:00,58.3,0.00,85,29.77,WS-1001 V2.3.3,624.72,62.8,2016-10-17 16:07:00,WSW,248,9.8,7.6,0.08
2016-10-17 16:12:00,,,2016-10-17 23:12:00,57.6,0.00,83,29.76,WS-1001 V2.3.3,216.06,62.8,2016-10-17 16:12:00,SW,222,2.5,1.1,0.08
2016-10-17 16:17:00,,,2016-10-17 23:17:00,57.7,0.00,83,29.75,WS-1001 V2.3.3,605.89,63.0,2016-10-17 16:17:00,WNW,299,9.8,7.6,0.08
2016-10-17 16:22:00,,,2016-10-17 23:22:00,57.6,0.00,82,29.77,WS-1001 V2.3.3,649.43,63.1,2016-10-17 16:22:00,WSW,248,7.4,4.5,0.08
2016-10-17 16:27:00,,,2016-10-17 23:27:00,57.4,0.00,81,29.75,WS-1001 V2.3.3,616.37,63.3,2016-10-17 16:27:00,WSW,238,4.9,3.6,0.08
2016-10-17 16:32:00,,,2016-10-17 23:32:00,57.0,0.00,79,29.75,WS-1001 V2.3.3,646.42,63.7,2016-10-17 16:32:00,SSW,192,4.9,3.6,0.08
2016-10-17 16:37:00,,,2016-10-17 23:37:00,56.7,0.00,77,29.75,WS-1001 V2.3.3,619.17,64.0,2016-10-17 16:37:00,WSW,245,7.4,7.2,0.08
2016-10-17 16:42:00,,,2016-10-17 23:42:00,55.9,0.00,74,29.75,WS-1001 V2.3.3,368.67,64.4,2016-10-17 16:42:00,West,274,4.9,4.5,0.08
2016-10-17 16:47:00,,,2016-10-17 23:47:00,55.6,0.00,73,29.75,WS-1001 V2.3.3,149.04,64.4,2016-10-17 16:47:00,SW,222,7.4,6.7,0.08
2016-10-17 16:52:00,,,2016-10-17 23:52:00,56.7,0.00,76,29.75,WS-1001 V2.3.3,318.01,64.4,2016-10-17 16:52:00,SW,225,7.4,5.1,0.08
2016-10-17 16:57:00,,,2016-10-17 23:57:00,57.2,0.00,78,29.75,WS-1001 V2.3.3,98.49,64.2,2016-10-17 16:57:00,WNW,296,2.5,0.9,0.08
2016-10-17 17:02:00,,,2016-10-18 00:02:00,57.4,0.00,80,29.75,WS-1001 V2.3.3,84.73,63.7,2016-10-17 17:02:00,WNW,294,4.9,4.3,0.08
2016-10-17 17:13:00,,,2016-10-18 00:13:00,57.4,0.00,82,29.75,WS-1001 V2.3.3,389.29,63.0,2016-10-17 17:13:00,West,268,2.5,0.2,0.08
2016-10-17 17:18:00,,,2016-10-18 00:18:00,56.1,0.00,78,29.75,WS-1001 V2.3.3,423.11,63.1,2016-10-17 17:18:00,SW,216,4.9,2.5,0.08
2016-10-17 17:23:00,,,2016-10-18 00:23:00,55.6,0.00,76,29.75,WS-1001 V2.3.3,372.00,63.3,2016-10-17 17:23:00,WSW,253,4.9,1.8,0.08
2016-10-17 17:28:00,,,2016-10-18 00:28:00,55.4,0.00,75,29.75,WS-1001 V2.3.3,336.81,63.5,2016-10-17 17:28:00,SW,222,4.9,2.9,0.08
2016-10-17 17:33:00,,,2016-10-18 00:33:00,55.6,0.00,75,29.75,WS-1001 V2.3.3,214.92,63.7,2016-10-17 17:33:00,West,272,4.9,2.7,0.08
2016-10-17 17:38:00,,,2016-10-18 00:38:00,56.5,0.00,77,29.75,WS-1001 V2.3.3,274.17,63.9,2016-10-17 17:38:00,WSW,248,2.5,1.8,0.08
2016-10-17 17:43:00,,,2016-10-18 00:43:00,56.5,0.00,77,29.75,WS-1001 V2.3.3,234.78,63.9,2016-10-17 17:43:00,West,271,2.5,2.5,0.08
2016-10-17 17:48:00,,,2016-10-18 00:48:00,56.1,0.00,77,29.75,WS-1001 V2.3.3,190.16,63.5,2016-10-17 17:48:00,SW,223,4.9,2.5,0.08
2016-10-17 17:53:00,,,2016-10-18 00:53:00,56.5,0.00,79,29.75,WS-1001 V2.3.3,131.95,63.1,2016-10-17 17:53:00,WNW,284,4.9,4.0,0.08
2016-10-17 17:58:00,,,2016-10-18 00:58:00,57.0,0.00,81,29.75,WS-1001 V2.3.3,102.72,63.0,2016-10-17 17:58:00,WSW,258,2.5,0.4,0.08
2016-10-17 18:03:00,,,2016-10-18 01:03:00,57.2,0.00,82,29.74,WS-1001 V2.3.3,37.82,62.8,2016-10-17 18:03:00,WSW,251,2.5,1.1,0.08
2016-10-17 18:08:00,,,2016-10-18 01:08:00,57.9,0.00,85,29.74,WS-1001 V2.3.3,11.96,62.4,2016-10-17 18:08:00,WNW,282,7.4,5.8,0.08
2016-10-17 18:13:00,,,2016-10-18 01:13:00,58.8,0.00,89,29.75,WS-1001 V2.3.3,5.56,62.1,2016-10-17 18:13:00,SW,223,2.5,0.2,0.08
2016-10-17 18:18:00,,,2016-10-18 01:18:00,58.6,0.00,90,29.74,WS-1001 V2.3.3,2.94,61.5,2016-10-17 18:18:00,SSW,210,0.0,0.0,0.08
2016-10-17 18:24:00,,,2016-10-18 01:24:00,58.5,0.00,91,29.74,WS-1001 V2.3.3,0.62,61.2,2016-10-17 18:24:00,SW,232,2.5,0.4,0.08
2016-10-17 18:29:00,,,2016-10-18 01:29:00,58.5,0.00,92,29.75,WS-1001 V2.3.3,0.00,60.8,2016-10-17 18:29:00,SW,223,2.5,1.1,0.08
2016-10-17 18:34:00,,,2016-10-18 01:34:00,58.1,0.00,92,29.75,WS-1001 V2.3.3,0.00,60.4,2016-10-17 18:34:00,SSW,212,0.0,0.0,0.08
2016-10-17 18:39:00,,,2016-10-18 01:39:00,58.1,0.00,93,29.75,WS-1001 V2.3.3,0.00,60.1,2016-10-17 18:39:00,WSW,253,0.0,0.0,0.08
2016-10-17 18:44:00,,,2016-10-18 01:44:00,58.3,0.00,94,29.75,WS-1001 V2.3.3,0.00,59.9,2016-10-17 18:44:00,SSW,211,0.0,0.0,0.08
2016-10-17 18:49:00,,,2016-10-18 01:49:00,58.1,0.00,94,29.75,WS-1001 V2.3.3,0.00,59.7,2016-10-17 18:49:00,SSE,162,0.0,0.0,0.08
2016-10-17 18:54:00,,,2016-10-18 01:54:00,57.9,0.00,95,29.76,WS-1001 V2.3.3,0.00,59.4,2016-10-17 18:54:00,SSE,167,0.0,0.0,0.08
2016-10-17 19:00:00,,,2016-10-18 02:00:00,58.1,0.00,96,29.75,WS-1001 V2.3.3,0.00,59.2,2016-10-17 19:00:00,South,174,0.0,0.0,0.08
2016-10-17 19:05:00,,,2016-10-18 02:05:00,57.9,0.00,96,29.76,WS-1001 V2.3.3,0.00,59.0,2016-10-17 19:05:00,South,183,0.0,0.0,0.08
2016-10-17 19:10:00,,,2016-10-18 02:10:00,58.1,0.00,97,29.75,WS-1001 V2.3.3,0.00,59.0,2016-10-17 19:10:00,South,187,0.0,0.0,0.08
2016-10-17 19:15:00,,,2016-10-18 02:15:00,58.1,0.00,97,29.76,WS-1001 V2.3.3,0.00,59.0,2016-10-17 19:15:00,SSW,199,0.0,0.0,0.08
2016-10-17 19:20:00,,,2016-10-18 02:20:00,58.1,0.00,97,29.76,WS-1001 V2.3.3,0.00,59.0,2016-10-17 19:20:00,SSW,200,0.0,0.0,0.08
2016-10-17 19:25:00,,,2016-10-18 02:25:00,58.1,0.00,97,29.76,WS-1001 V2.3.3,0.00,59.0,2016-10-17 19:25:00,SSW,198,0.0,0.0,0.08
2016-10-17 19:30:00,,,2016-10-18 02:30:00,58.3,0.00,98,29.75,WS-1001 V2.3.3,0.00,58.8,2016-10-17 19:30:00,SSW,198,0.0,0.0,0.08
2016-10-17 19:35:00,,,2016-10-18 02:35:00,58.6,0.00,99,29.76,WS-1001 V2.3.3,0.00,58.8,2016-10-17 19:35:00,SE,129,0.0,0.0,0.08
2016-10-17 19:40:00,,,2016-10-18 02:40:00,58.1,0.00,98,29.76,WS-1001 V2.3.3,0.00,58.6,2016-10-17 19:40:00,SE,130,0.0,0.0,0.08
2016-10-17 19:45:00,,,2016-10-18 02:45:00,58.3,0.00,99,29.76,WS-1001 V2.3.3,0.00,58.5,2016-10-17 19:45:00,South,180,0.0,0.0,0.08
2016-10-17 19:56:00,,,2016-10-18 02:56:00,57.4,0.00,99,29.76,WS-1001 V2.3.3,0.00,57.6,2016-10-17 19:56:00,South,174,0.0,0.0,0.08
2016-10-17 20:01:00,,,2016-10-18 03:01:00,57.0,0.00,99,29.75,WS-1001 V2.3.3,0.00,57.2,2016-10-17 20:01:00,South,182,0.0,0.0,0.08
2016-10-17 20:06:00,,,2016-10-18 03:06:00,56.5,0.00,99,29.76,WS-1001 V2.3.3,0.00,56.7,2016-10-17 20:06:00,SSE,158,0.0,0.0,0.08
2016-10-17 20:11:00,,,2016-10-18 03:11:00,56.1,0.00,99,29.76,WS-1001 V2.3.3,0.00,56.3,2016-10-17 20:11:00,SSE,152,0.0,0.0,0.08
2016-10-17 20:21:00,,,2016-10-18 03:21:00,55.6,0.00,99,29.76,WS-1001 V2.3.3,0.00,55.8,2016-10-17 20:21:00,East,80,0.0,0.0,0.08
2016-10-17 20:26:00,,,2016-10-18 03:26:00,55.6,0.00,99,29.76,WS-1001 V2.3.3,0.00,55.8,2016-10-17 20:26:00,SSE,157,0.0,0.0,0.08
2016-10-17 20:31:00,,,2016-10-18 03:31:00,55.6,0.00,99,29.76,WS-1001 V2.3.3,0.00,55.8,2016-10-17 20:31:00,SE,128,0.0,0.0,0.08
2016-10-17 20:36:00,,,2016-10-18 03:36:00,55.6,0.00,99,29.76,WS-1001 V2.3.3,0.00,55.8,2016-10-17 20:36:00,East,92,0.0,0.0,0.08
2016-10-17 20:41:00,,,2016-10-18 03:41:00,55.6,0.00,99,29.75,WS-1001 V2.3.3,0.00,55.8,2016-10-17 20:41:00,SE,129,0.0,0.0,0.08
2016-10-17 20:46:00,,,2016-10-18 03:46:00,55.0,0.00,97,29.76,WS-1001 V2.3.3,0.00,55.8,2016-10-17 20:46:00,SE,128,0.0,0.0,0.08
2016-10-17 20:51:00,,,2016-10-18 03:51:00,54.9,0.00,97,29.76,WS-1001 V2.3.3,0.00,55.6,2016-10-17 20:51:00,ESE,106,0.0,0.0,0.08
2016-10-17 20:56:00,,,2016-10-18 03:56:00,54.7,0.00,97,29.76,WS-1001 V2.3.3,0.00,55.4,2016-10-17 20:56:00,SE,130,0.0,0.0,0.08
2016-10-17 21:01:00,,,2016-10-18 04:01:00,54.3,0.00,97,29.77,WS-1001 V2.3.3,0.00,55.0,2016-10-17 21:01:00,SSE,163,0.0,0.0,0.00
2016-10-17 21:07:00,,,2016-10-18 04:07:00,54.1,0.00,97,29.77,WS-1001 V2.3.3,0.00,54.9,2016-10-17 21:07:00,SSE,163,0.0,0.0,0.00
2016-10-17 21:12:00,,,2016-10-18 04:12:00,54.0,0.00,97,29.76,WS-1001 V2.3.3,0.00,54.7,2016-10-17 21:12:00,SE,129,0.0,0.0,0.00
2016-10-17 21:17:00,,,2016-10-18 04:17:00,53.8,0.00,97,29.76,WS-1001 V2.3.3,0.00,54.5,2016-10-17 21:17:00,SE,129,0.0,0.0,0.00
2016-10-17 21:22:00,,,2016-10-18 04:22:00,53.6,0.00,97,29.76,WS-1001 V2.3.3,0.00,54.3,2016-10-17 21:22:00,SE,139,0.0,0.0,0.00
2016-10-17 21:27:00,,,2016-10-18 04:27:00,53.4,0.00,97,29.76,WS-1001 V2.3.3,0.00,54.1,2016-10-17 21:27:00,SSE,165,0.0,0.0,0.00
2016-10-17 21:32:00,,,2016-10-18 04:32:00,53.4,0.00,98,29.76,WS-1001 V2.3.3,0.00,54.0,2016-10-17 21:32:00,SSE,156,0.0,0.0,0.00
2016-10-17 21:37:00,,,2016-10-18 04:37:00,53.2,0.00,97,29.75,WS-1001 V2.3.3,0.00,54.0,2016-10-17 21:37:00,SSE,166,0.0,0.0,0.00
2016-10-17 21:42:00,,,2016-10-18 04:42:00,53.1,0.00,97,29.75,WS-1001 V2.3.3,0.00,53.8,2016-10-17 21:42:00,SSE,167,0.0,0.0,0.00
2016-10-17 21:47:00,,,2016-10-18 04:47:00,53.1,0.00,97,29.75,WS-1001 V2.3.3,0.00,53.8,2016-10-17 21:47:00,SSE,165,0.0,0.0,0.00
2016-10-17 21:52:00,,,2016-10-18 04:52:00,53.2,0.00,97,29.75,WS-1001 V2.3.3,0.00,54.0,2016-10-17 21:52:00,South,180,0.0,0.0,0.00
2016-10-17 21:57:00,,,2016-10-18 04:57:00,54.0,0.00,99,29.75,WS-1001 V2.3.3,0.00,54.1,2016-10-17 21:57:00,SSE,160,0.0,0.0,0.00
2016-10-17 22:02:00,,,2016-10-18 05:02:00,54.3,0.00,99,29.75,WS-1001 V2.3.3,0.00,54.5,2016-10-17 22:02:00,SSE,149,0.0,0.0,0.00
2016-10-17 22:08:00,,,2016-10-18 05:08:00,54.7,0.00,99,29.75,WS-1001 V2.3.3,0.00,54.9,2016-10-17 22:08:00,SSE,164,0.0,0.0,0.00
2016-10-17 22:13:00,,,2016-10-18 05:13:00,55.0,0.00,99,29.75,WS-1001 V2.3.3,0.00,55.2,2016-10-17 22:13:00,SSE,153,0.0,0.0,0.00
2016-10-17 22:18:00,,,2016-10-18 05:18:00,55.6,0.00,99,29.75,WS-1001 V2.3.3,0.00,55.8,2016-10-17 22:18:00,East,95,2.5,0.4,0.00
2016-10-17 22:23:00,,,2016-10-18 05:23:00,55.8,0.00,99,29.75,WS-1001 V2.3.3,0.00,55.9,2016-10-17 22:23:00,East,89,2.5,1.8,0.00
2016-10-17 22:28:00,,,2016-10-18 05:28:00,55.9,0.00,99,29.75,WS-1001 V2.3.3,0.00,56.1,2016-10-17 22:28:00,South,181,2.5,0.2,0.00
2016-10-17 22:33:00,,,2016-10-18 05:33:00,55.9,0.00,99,29.75,WS-1001 V2.3.3,0.00,56.1,2016-10-17 22:33:00,South,178,0.0,0.0,0.00
2016-10-17 22:38:00,,,2016-10-18 05:38:00,55.9,0.00,99,29.76,WS-1001 V2.3.3,0.00,56.1,2016-10-17 22:38:00,East,99,0.0,0.0,0.00
2016-10-17 22:43:00,,,2016-10-18 05:43:00,55.9,0.00,99,29.76,WS-1001 V2.3.3,0.00,56.1,2016-10-17 22:43:00,ESE,104,2.5,2.0,0.00
2016-10-17 22:48:00,,,2016-10-18 05:48:00,55.9,0.00,99,29.75,WS-1001 V2.3.3,0.00,56.1,2016-10-17 22:48:00,SE,128,2.5,0.4,0.00
2016-10-17 22:53:00,,,2016-10-18 05:53:00,55.8,0.00,99,29.75,WS-1001 V2.3.3,0.00,55.9,2016-10-17 22:53:00,SE,129,0.0,0.0,0.00
2016-10-17 22:58:00,,,2016-10-18 05:58:00,55.8,0.00,99,29.76,WS-1001 V2.3.3,0.00,55.9,2016-10-17 22:58:00,SE,129,0.0,0.0,0.00
2016-10-17 23:04:00,,,2016-10-18 06:04:00,55.8,0.00,99,29.76,WS-1001 V2.3.3,0.00,55.9,2016-10-17 23:04:00,East,95,0.0,0.0,0.00
2016-10-17 23:09:00,,,2016-10-18 06:09:00,55.6,0.00,99,29.75,WS-1001 V2.3.3,0.00,55.8,2016-10-17 23:09:00,East,94,2.5,1.1,0.00
2016-10-17 23:14:00,,,2016-10-18 06:14:00,55.6,0.00,99,29.75,WS-1001 V2.3.3,0.00,55.8,2016-10-17 23:14:00,ESE,105,0.0,0.0,0.00
2016-10-17 23:19:00,,,2016-10-18 06:19:00,55.6,0.00,99,29.76,WS-1001 V2.3.3,0.00,55.8,2016-10-17 23:19:00,SE,128,0.0,0.0,0.00
2016-10-17 23:24:00,,,2016-10-18 06:24:00,55.6,0.00,99,29.76,WS-1001 V2.3.3,0.00,55.8,2016-10-17 23:24:00,East,99,0.0,0.0,0.00
2016-10-17 23:29:00,,,2016-10-18 06:29:00,55.4,0.00,99,29.76,WS-1001 V2.3.3,0.00,55.6,2016-10-17 23:29:00,ESE,119,0.0,0.0,0.00
2016-10-17 23:34:00,,,2016-10-18 06:34:00,55.4,0.00,99,29.76,WS-1001 V2.3.3,0.00,55.6,2016-10-17 23:34:00,SSE,155,0.0,0.0,0.00
2016-10-17 23:39:00,,,2016-10-18 06:39:00,55.4,0.00,99,29.76,WS-1001 V2.3.3,0.00,55.6,2016-10-17 23:39:00,SSE,158,0.0,0.0,0.00
2016-10-17 23:44:00,,,2016-10-18 06:44:00,55.2,0.00,99,29.76,WS-1001 V2.3.3,0.00,55.4,2016-10-17 23:44:00,SE,128,0.0,0.0,0.00
2016-10-17 23:49:00,,,2016-10-18 06:49:00,55.2,0.00,99,29.77,WS-1001 V2.3.3,0.00,55.4,2016-10-17 23:49:00,SE,129,0.0,0.0,0.00
2016-10-17 23:54:00,,,2016-10-18 06:54:00,55.2,0.00,99,29.76,WS-1001 V2.3.3,0.00,55.4,2016-10-17 23:54:00,SE,131,0.0,0.0,0.00
2016-10-18 00:00:00,,,2016-10-18 07:00:00,55.2,0.00,99,29.76,WS-1001 V2.3.3,0.00,55.4,2016-10-18 00:00:00,SSW,200,0.0,0.0,0.00
2016-10-18 00:05:00,,,2016-10-18 07:05:00,55.2,0.00,99,29.76,WS-1001 V2.3.3,0.00,55.4,2016-10-18 00:05:00,South,190,0.0,0.0,0.00
2016-10-18 00:15:00,,,2016-10-18 07:15:00,55.2,0.00,99,29.76,WS-1001 V2.3.3,0.00,55.4,2016-10-18 00:15:00,SW,221,0.0,0.0,0.00
2016-10-18 00:21:00,,,2016-10-18 07:21:00,55.2,0.00,99,29.76,WS-1001 V2.3.3,0.00,55.4,2016-10-18 00:21:00,SSW,197,0.0,0.0,0.00
2016-10-18 00:26:00,,,2016-10-18 07:26:00,55.2,0.00,99,29.76,WS-1001 V2.3.3,0.00,55.4,2016-10-18 00:26:00,South,187,0.0,0.0,0.00
2016-10-18 00:31:00,,,2016-10-18 07:31:00,55.2,0.00,99,29.76,WS-1001 V2.3.3,0.00,55.4,2016-10-18 00:31:00,NE,55,0.0,0.0,0.00
2016-10-18 00:36:00,,,2016-10-18 07:36:00,54.5,0.00,97,29.75,WS-1001 V2.3.3,0.00,55.2,2016-10-18 00:36:00,NNE,12,0.0,0.0,0.00
2016-10-18 00:41:00,,,2016-10-18 07:41:00,54.5,0.00,97,29.76,WS-1001 V2.3.3,0.00,55.2,2016-10-18 00:41:00,NNE,14,2.5,0.4,0.00
2016-10-18 00:46:00,,,2016-10-18 07:46:00,54.3,0.00,97,29.75,WS-1001 V2.3.3,0.00,55.0,2016-10-18 00:46:00,ENE,73,2.5,0.2,0.00
2016-10-18 00:56:00,,,2016-10-18 07:56:00,54.1,0.00,97,29.76,WS-1001 V2.3.3,0.00,54.9,2016-10-18 00:56:00,SW,220,0.0,0.0,0.00
2016-10-18 01:01:00,,,2016-10-18 08:01:00,54.0,0.00,97,29.76,WS-1001 V2.3.3,0.00,54.7,2016-10-18 01:01:00,NNW,340,0.0,0.0,0.00
2016-10-18 01:06:00,,,2016-10-18 08:06:00,53.8,0.00,97,29.75,WS-1001 V2.3.3,0.00,54.5,2016-10-18 01:06:00,SSE,152,0.0,0.0,0.00
2016-10-18 01:12:00,,,2016-10-18 08:12:00,53.6,0.00,97,29.75,WS-1001 V2.3.3,0.00,54.3,2016-10-18 01:12:00,SE,130,0.0,0.0,0.00
2016-10-18 01:17:00,,,2016-10-18 08:17:00,53.4,0.00,97,29.75,WS-1001 V2.3.3,0.00,54.1,2016-10-18 01:17:00,SSE,168,0.0,0.0,0.00
2016-10-18 01:22:00,,,2016-10-18 08:22:00,53.4,0.00,98,29.76,WS-1001 V2.3.3,0.00,54.0,2016-10-18 01:22:00,SSE,153,0.0,0.0,0.00
2016-10-18 01:27:00,,,2016-10-18 08:27:00,53.2,0.00,98,29.76,WS-1001 V2.3.3,0.00,53.8,2016-10-18 01:27:00,SE,128,0.0,0.0,0.00
2016-10-18 01:32:00,,,2016-10-18 08:32:00,52.9,0.00,98,29.75,WS-1001 V2.3.3,0.00,53.4,2016-10-18 01:32:00,East,92,0.0,0.0,0.00
2016-10-18 01:37:00,,,2016-10-18 08:37:00,52.7,0.00,98,29.75,WS-1001 V2.3.3,0.00,53.2,2016-10-18 01:37:00,ESE,104,0.0,0.0,0.00
2016-10-18 01:42:00,,,2016-10-18 08:42:00,52.3,0.00,98,29.75,WS-1001 V2.3.3,0.00,52.9,2016-10-18 01:42:00,SE,129,0.0,0.0,0.00
2016-10-18 01:47:00,,,2016-10-18 08:47:00,52.2,0.00,98,29.75,WS-1001 V2.3.3,0.00,52.7,2016-10-18 01:47:00,SE,130,0.0,0.0,0.00
2016-10-18 01:52:00,,,2016-10-18 08:52:00,52.0,0.00,98,29.75,WS-1001 V2.3.3,0.00,52.5,2016-10-18 01:52:00,SE,126,0.0,0.0,0.00
2016-10-18 01:57:00,,,2016-10-18 08:57:00,52.2,0.00,99,29.75,WS-1001 V2.3.3,0.00,52.3,2016-10-18 01:57:00,SE,133,0.0,0.0,0.00
2016-10-18 02:02:00,,,2016-10-18 09:02:00,51.4,0.00,98,29.75,WS-1001 V2.3.3,0.00,52.0,2016-10-18 02:02:00,SE,128,0.0,0.0,0.00
2016-10-18 02:08:00,,,2016-10-18 09:08:00,51.8,0.00,99,29.75,WS-1001 V2.3.3,0.00,52.0,2016-10-18 02:08:00,ESE,103,0.0,0.0,0.00
2016-10-18 02:13:00,,,2016-10-18 09:13:00,51.6,0.00,99,29.75,WS-1001 V2.3.3,0.00,51.8,2016-10-18 02:13:00,SE,128,0.0,0.0,0.00
2016-10-18 02:18:00,,,2016-10-18 09:18:00,51.4,0.00,99,29.75,WS-1001 V2.3.3,0.00,51.6,2016-10-18 02:18:00,SE,128,0.0,0.0,0.00
2016-10-18 02:23:00,,,2016-10-18 09:23:00,51.1,0.00,98,29.75,WS-1001 V2.3.3,0.00,51.6,2016-10-18 02:23:00,SE,129,0.0,0.0,0.00
2016-10-18 02:28:00,,,2016-10-18 09:28:00,51.3,0.00,99,29.75,WS-1001 V2.3.3,0.00,51.4,2016-10-18 02:28:00,SE,128,0.0,0.0,0.00
2016-10-18 02:33:00,,,2016-10-18 09:33:00,50.9,0.00,98,29.75,WS-1001 V2.3.3,0.00,51.4,2016-10-18 02:33:00,SSE,151,0.0,0.0,0.00
2016-10-18 02:38:00,,,2016-10-18 09:38:00,51.3,0.00,99,29.75,WS-1001 V2.3.3,0.00,51.4,2016-10-18 02:38:00,SSE,163,0.0,0.0,0.00
2016-10-18 02:43:00,,,2016-10-18 09:43:00,51.3,0.00,99,29.75,WS-1001 V2.3.3,0.00,51.4,2016-10-18 02:43:00,SE,124,0.0,0.0,0.00
2016-10-18 02:49:00,,,2016-10-18 09:49:00,51.3,0.00,99,29.74,WS-1001 V2.3.3,0.00,51.4,2016-10-18 02:49:00,SE,128,0.0,0.0,0.00
2016-10-18 02:54:00,,,2016-10-18 09:54:00,51.3,0.00,99,29.75,WS-1001 V2.3.3,0.00,51.4,2016-10-18 02:54:00,SE,135,0.0,0.0,0.00
2016-10-18 02:59:00,,,2016-10-18 09:59:00,51.1,0.00,99,29.75,WS-1001 V2.3.3,0.00,51.3,2016-10-18 02:59:00,SE,129,0.0,0.0,0.00
2016-10-18 03:04:00,,,2016-10-18 10:04:00,51.1,0.00,99,29.74,WS-1001 V2.3.3,0.00,51.3,2016-10-18 03:04:00,SSE,164,0.0,0.0,0.00
2016-10-18 03:09:00,,,2016-10-18 10:09:00,50.9,0.00,99,29.75,WS-1001 V2.3.3,0.00,51.1,2016-10-18 03:09:00,SSE,167,0.0,0.0,0.00
2016-10-18 03:14:00,,,2016-10-18 10:14:00,50.9,0.00,99,29.75,WS-1001 V2.3.3,0.00,51.1,2016-10-18 03:14:00,SSE,151,0.0,0.0,0.00
2016-10-18 03:20:00,,,2016-10-18 10:20:00,50.9,0.00,99,29.74,WS-1001 V2.3.3,0.00,51.1,2016-10-18 03:20:00,SE,129,0.0,0.0,0.00
2016-10-18 03:25:00,,,2016-10-18 10:25:00,50.4,0.00,98,29.74,WS-1001 V2.3.3,0.00,50.9,2016-10-18 03:25:00,SE,129,0.0,0.0,0.00
2016-10-18 03:30:00,,,2016-10-18 10:30:00,50.9,0.00,99,29.73,WS-1001 V2.3.3,0.00,51.1,2016-10-18 03:30:00,East,100,2.5,0.4,0.00
2016-10-18 03:35:00,,,2016-10-18 10:35:00,50.5,0.00,98,29.74,WS-1001 V2.3.3,0.00,51.1,2016-10-18 03:35:00,East,96,0.0,0.0,0.00
2016-10-18 03:40:00,,,2016-10-18 10:40:00,50.9,0.00,99,29.74,WS-1001 V2.3.3,0.00,51.1,2016-10-18 03:40:00,SE,129,0.0,0.0,0.00
2016-10-18 03:45:00,,,2016-10-18 10:45:00,51.1,0.00,99,29.74,WS-1001 V2.3.3,0.00,51.3,2016-10-18 03:45:00,SE,127,2.5,0.9,0.00
2016-10-18 03:50:00,,,2016-10-18 10:50:00,51.1,0.00,99,29.73,WS-1001 V2.3.3,0.00,51.3,2016-10-18 03:50:00,SE,124,2.5,0.2,0.00
2016-10-18 03:55:00,,,2016-10-18 10:55:00,51.1,0.00,99,29.73,WS-1001 V2.3.3,0.00,51.3,2016-10-18 03:55:00,SE,129,0.0,0.0,0.00
2016-10-18 04:00:00,,,2016-10-18 11:00:00,50.9,0.00,99,29.74,WS-1001 V2.3.3,0.00,51.1,2016-10-18 04:00:00,SSE,160,0.0,0.0,0.00
2016-10-18 04:05:00,,,2016-10-18 11:05:00,50.7,0.00,99,29.73,WS-1001 V2.3.3,0.00,50.9,2016-10-18 04:05:00,SE,130,0.0,0.0,0.00
2016-10-18 04:10:00,,,2016-10-18 11:10:00,50.5,0.00,99,29.74,WS-1001 V2.3.3,0.00,50.7,2016-10-18 04:10:00,East,101,0.0,0.0,0.00
2016-10-18 04:15:00,,,2016-10-18 11:15:00,50.4,0.00,99,29.74,WS-1001 V2.3.3,0.00,50.5,2016-10-18 04:15:00,ESE,117,0.0,0.0,0.00
2016-10-18 04:20:00,,,2016-10-18 11:20:00,50.4,0.00,99,29.74,WS-1001 V2.3.3,0.00,50.5,2016-10-18 04:20:00,SSE,154,0.0,0.0,0.00
2016-10-18 04:25:00,,,2016-10-18 11:25:00,50.4,0.00,99,29.74,WS-1001 V2.3.3,0.00,50.5,2016-10-18 04:25:00,SE,145,0.0,0.0,0.00
2016-10-18 04:30:00,,,2016-10-18 11:30:00,50.4,0.00,99,29.74,WS-1001 V2.3.3,0.00,50.5,2016-10-18 04:30:00,SE,128,0.0,0.0,0.00
2016-10-18 04:36:00,,,2016-10-18 11:36:00,50.4,0.00,99,29.74,WS-1001 V2.3.3,0.00,50.5,2016-10-18 04:36:00,ESE,123,0.0,0.0,0.00
2016-10-18 04:41:00,,,2016-10-18 11:41:00,50.4,0.00,99,29.74,WS-1001 V2.3.3,0.00,50.5,2016-10-18 04:41:00,SE,128,0.0,0.0,0.00
2016-10-18 04:46:00,,,2016-10-18 11:46:00,50.4,0.00,99,29.74,WS-1001 V2.3.3,0.00,50.5,2016-10-18 04:46:00,ESE,110,0.0,0.0,0.00
2016-10-18 04:51:00,,,2016-10-18 11:51:00,50.4,0.00,99,29.73,WS-1001 V2.3.3,0.00,50.5,2016-10-18 04:51:00,SE,129,0.0,0.0,0.00
2016-10-18 04:56:00,,,2016-10-18 11:56:00,50.4,0.00,99,29.74,WS-1001 V2.3.3,0.00,50.5,2016-10-18 04:56:00,SSE,151,0.0,0.0,0.00
2016-10-18 05:01:00,,,2016-10-18 12:01:00,50.4,0.00,99,29.74,WS-1001 V2.3.3,0.00,50.5,2016-10-18 05:01:00,SE,129,0.0,0.0,0.00
2016-10-18 05:06:00,,,2016-10-18 12:06:00,50.5,0.00,99,29.74,WS-1001 V2.3.3,0.00,50.7,2016-10-18 05:06:00,SE,124,0.0,0.0,0.00
2016-10-18 05:11:00,,,2016-10-18 12:11:00,50.5,0.00,99,29.74,WS-1001 V2.3.3,0.00,50.7,2016-10-18 05:11:00,ESE,107,0.0,0.0,0.00
2016-10-18 05:17:00,,,2016-10-18 12:17:00,50.5,0.00,99,29.73,WS-1001 V2.3.3,0.00,50.7,2016-10-18 05:17:00,ESE,115,0.0,0.0,0.00
2016-10-18 05:22:00,,,2016-10-18 12:22:00,50.5,0.07,99,29.74,WS-1001 V2.3.3,0.00,50.7,2016-10-18 05:22:00,SE,129,0.0,0.0,0.01
2016-10-18 05:27:00,,,2016-10-18 12:27:00,50.4,0.07,99,29.74,WS-1001 V2.3.3,0.00,50.5,2016-10-18 05:27:00,SE,127,0.0,0.0,0.01
2016-10-18 05:32:00,,,2016-10-18 12:32:00,50.4,0.00,99,29.74,WS-1001 V2.3.3,0.00,50.5,2016-10-18 05:32:00,SE,128,0.0,0.0,0.01
2016-10-18 05:37:00,,,2016-10-18 12:37:00,50.4,0.00,99,29.74,WS-1001 V2.3.3,0.00,50.5,2016-10-18 05:37:00,South,177,0.0,0.0,0.01
2016-10-18 05:42:00,,,2016-10-18 12:42:00,50.2,0.00,99,29.74,WS-1001 V2.3.3,0.00,50.4,2016-10-18 05:42:00,SE,133,0.0,0.0,0.01
2016-10-18 05:47:00,,,2016-10-18 12:47:00,50.0,0.00,99,29.74,WS-1001 V2.3.3,0.00,50.2,2016-10-18 05:47:00,SE,128,0.0,0.0,0.01
2016-10-18 05:52:00,,,2016-10-18 12:52:00,50.0,0.00,99,29.75,WS-1001 V2.3.3,0.00,50.2,2016-10-18 05:52:00,ESE,112,0.0,0.0,0.01
2016-10-18 05:57:00,,,2016-10-18 12:57:00,50.0,0.00,99,29.74,WS-1001 V2.3.3,0.00,50.2,2016-10-18 05:57:00,East,87,0.0,0.0,0.01
2016-10-18 06:02:00,,,2016-10-18 13:02:00,50.0,0.00,99,29.75,WS-1001 V2.3.3,0.00,50.2,2016-10-18 06:02:00,SE,129,0.0,0.0,0.01
2016-10-18 06:08:00,,,2016-10-18 13:08:00,50.0,0.00,99,29.75,WS-1001 V2.3.3,0.00,50.2,2016-10-18 06:08:00,SSE,155,0.0,0.0,0.01
2016-10-18 06:13:00,,,2016-10-18 13:13:00,50.2,0.00,99,29.75,WS-1001 V2.3.3,0.00,50.4,2016-10-18 06:13:00,SE,129,0.0,0.0,0.01
2016-10-18 06:18:00,,,2016-10-18 13:18:00,50.4,0.00,99,29.75,WS-1001 V2.3.3,0.00,50.5,2016-10-18 06:18:00,ESE,119,0.0,0.0,0.01
2016-10-18 06:23:00,,,2016-10-18 13:23:00,50.4,0.00,99,29.75,WS-1001 V2.3.3,0.00,50.5,2016-10-18 06:23:00,ESE,104,0.0,0.0,0.01
2016-10-18 06:28:00,,,2016-10-18 13:28:00,50.5,0.00,99,29.75,WS-1001 V2.3.3,0.00,50.7,2016-10-18 06:28:00,ESE,102,0.0,0.0,0.01
2016-10-18 06:33:00,,,2016-10-18 13:33:00,50.2,0.00,98,29.75,WS-1001 V2.3.3,0.00,50.7,2016-10-18 06:33:00,ESE,104,0.0,0.0,0.01
2016-10-18 06:38:00,,,2016-10-18 13:38:00,50.2,0.00,98,29.76,WS-1001 V2.3.3,0.00,50.7,2016-10-18 06:38:00,SE,124,0.0,0.0,0.01
2016-10-18 06:43:00,,,2016-10-18 13:43:00,50.2,0.00,98,29.76,WS-1001 V2.3.3,0.62,50.7,2016-10-18 06:43:00,SE,128,0.0,0.0,0.01
2016-10-18 06:48:00,,,2016-10-18 13:48:00,50.2,0.00,98,29.76,WS-1001 V2.3.3,3.33,50.7,2016-10-18 06:48:00,SE,125,0.0,0.0,0.01
2016-10-18 06:53:00,,,2016-10-18 13:53:00,50.0,0.00,97,29.76,WS-1001 V2.3.3,7.09,50.7,2016-10-18 06:53:00,SE,129,0.0,0.0,0.01
2016-10-18 06:58:00,,,2016-10-18 13:58:00,50.0,0.00,97,29.76,WS-1001 V2.3.3,12.48,50.7,2016-10-18 06:58:00,ESE,102,0.0,0.0,0.01
2016-10-18 07:04:00,,,2016-10-18 14:04:00,50.0,0.00,97,29.77,WS-1001 V2.3.3,16.40,50.7,2016-10-18 07:04:00,SE,129,0.0,0.0,0.01
2016-10-18 07:09:00,,,2016-10-18 14:09:00,50.0,0.00,97,29.77,WS-1001 V2.3.3,21.97,50.7,2016-10-18 07:09:00,South,182,0.0,0.0,0.01
2016-10-18 07:14:00,,,2016-10-18 14:14:00,49.8,0.00,97,29.77,WS-1001 V2.3.3,26.84,50.5,2016-10-18 07:14:00,ESE,102,0.0,0.0,0.01
2016-10-18 07:19:00,,,2016-10-18 14:19:00,50.0,0.00,98,29.78,WS-1001 V2.3.3,31.52,50.5,2016-10-18 07:19:00,SSE,166,0.0,0.0,0.01
2016-10-18 07:24:00,,,2016-10-18 14:24:00,50.0,0.00,98,29.78,WS-1001 V2.3.3,35.58,50.5,2016-10-18 07:24:00,SE,127,0.0,0.0,0.01
2016-10-18 07:29:00,,,2016-10-18 14:29:00,50.0,0.00,98,29.78,WS-1001 V2.3.3,41.54,50.5,2016-10-18 07:29:00,ESE,103,0.0,0.0,0.01
2016-10-18 07:34:00,,,2016-10-18 14:34:00,50.2,0.00,98,29.78,WS-1001 V2.3.3,46.76,50.7,2016-10-18 07:34:00,SE,129,0.0,0.0,0.01
2016-10-18 07:39:00,,,2016-10-18 14:39:00,50.5,0.00,98,29.78,WS-1001 V2.3.3,50.86,51.1,2016-10-18 07:39:00,SE,130,0.0,0.0,0.01
2016-10-18 07:44:00,,,2016-10-18 14:44:00,50.4,0.00,95,29.78,WS-1001 V2.3.3,54.38,51.8,2016-10-18 07:44:00,ESE,107,0.0,0.0,0.01
2016-10-18 07:49:00,,,2016-10-18 14:49:00,51.1,0.00,95,29.78,WS-1001 V2.3.3,58.01,52.5,2016-10-18 07:49:00,South,174,0.0,0.0,0.01
2016-10-18 07:54:00,,,2016-10-18 14:54:00,52.0,0.00,94,29.78,WS-1001 V2.3.3,61.34,53.6,2016-10-18 07:54:00,SSE,163,0.0,0.0,0.01
2016-10-18 07:59:00,,,2016-10-18 14:59:00,52.0,0.00,90,29.78,WS-1001 V2.3.3,65.05,54.9,2016-10-18 07:59:00,SSE,152,0.0,0.0,0.01
2016-10-18 08:04:00,,,2016-10-18 15:04:00,53.1,0.00,90,29.79,WS-1001 V2.3.3,67.45,55.9,2016-10-18 08:04:00,SE,130,0.0,0.0,0.01
2016-10-18 08:09:00,,,2016-10-18 15:09:00,53.2,0.00,89,29.79,WS-1001 V2.3.3,69.42,56.5,2016-10-18 08:09:00,East,88,0.0,0.0,0.01
2016-10-18 08:14:00,,,2016-10-18 15:14:00,53.1,0.00,86,29.79,WS-1001 V2.3.3,71.78,57.2,2016-10-18 08:14:00,NNE,16,0.0,0.0,0.01
2016-10-18 08:20:00,,,2016-10-18 15:20:00,53.1,0.00,84,29.79,WS-1001 V2.3.3,74.84,57.7,2016-10-18 08:20:00,SE,128,0.0,0.0,0.01
2016-10-18 08:25:00,,,2016-10-18 15:25:00,53.2,0.00,85,29.79,WS-1001 V2.3.3,76.54,57.7,2016-10-18 08:25:00,South,186,0.0,0.0,0.01
2016-10-18 08:30:00,,,2016-10-18 15:30:00,53.1,0.00,84,29.78,WS-1001 V2.3.3,79.27,57.7,2016-10-18 08:30:00,South,189,0.0,0.0,0.01
2016-10-18 08:35:00,,,2016-10-18 15:35:00,52.9,0.00,83,29.79,WS-1001 V2.3.3,80.94,57.9,2016-10-18 08:35:00,SSW,211,0.0,0.0,0.01
2016-10-18 08:40:00,,,2016-10-18 15:40:00,53.2,0.00,83,29.80,WS-1001 V2.3.3,82.51,58.3,2016-10-18 08:40:00,SW,227,0.0,0.0,0.01
2016-10-18 08:45:00,,,2016-10-18 15:45:00,53.6,0.00,83,29.79,WS-1001 V2.3.3,83.97,58.6,2016-10-18 08:45:00,SSW,196,0.0,0.0,0.01
2016-10-18 08:50:00,,,2016-10-18 15:50:00,52.5,0.00,79,29.80,WS-1001 V2.3.3,88.35,59.0,2016-10-18 08:50:00,SSE,165,0.0,0.0,0.01
2016-10-18 08:55:00,,,2016-10-18 15:55:00,48.2,0.00,65,29.80,WS-1001 V2.3.3,93.64,59.9,2016-10-18 08:55:00,South,184,0.0,0.0,0.01
2016-10-18 09:00:00,,,2016-10-18 16:00:00,50.4,0.00,69,29.80,WS-1001 V2.3.3,100.65,60.6,2016-10-18 09:00:00,SSE,164,0.0,0.0,0.01
2016-10-18 09:05:00,,,2016-10-18 16:05:00,49.3,0.00,64,29.80,WS-1001 V2.3.3,107.66,61.5,2016-10-18 09:05:00,SSW,204,0.0,0.0,0.01
2016-10-18 09:10:00,,,2016-10-18 16:10:00,50.5,0.00,66,29.80,WS-1001 V2.3.3,116.53,62.1,2016-10-18 09:10:00,SW,219,0.0,0.0,0.01
2016-10-18 09:15:00,,,2016-10-18 16:15:00,50.7,0.00,65,29.80,WS-1001 V2.3.3,126.49,62.6,2016-10-18 09:15:00,SSW,204,0.0,0.0,0.01
2016-10-18 09:20:00,,,2016-10-18 16:20:00,51.3,0.00,65,29.80,WS-1001 V2.3.3,136.57,63.1,2016-10-18 09:20:00,WSW,253,2.5,0.4,0.01
2016-10-18 09:25:00,,,2016-10-18 16:25:00,51.4,0.00,66,29.80,WS-1001 V2.3.3,148.69,63.0,2016-10-18 09:25:00,SSW,203,2.5,0.4,0.01
2016-10-18 09:30:00,,,2016-10-18 16:30:00,51.4,0.00,66,29.80,WS-1001 V2.3.3,159.84,63.0,2016-10-18 09:30:00,SW,217,0.0,0.0,0.01
2016-10-18 09:36:00,,,2016-10-18 16:36:00,51.1,0.00,65,29.80,WS-1001 V2.3.3,173.28,63.0,2016-10-18 09:36:00,SSW,196,0.0,0.0,0.01
2016-10-18 09:41:00,,,2016-10-18 16:41:00,48.7,0.00,59,29.80,WS-1001 V2.3.3,186.88,63.3,2016-10-18 09:41:00,SSW,210,2.5,1.8,0.01
2016-10-18 09:46:00,,,2016-10-18 16:46:00,49.8,0.00,61,29.80,WS-1001 V2.3.3,201.92,63.5,2016-10-18 09:46:00,SE,132,2.5,0.9,0.01
2016-10-18 09:51:00,,,2016-10-18 16:51:00,49.3,0.00,59,29.80,WS-1001 V2.3.3,215.97,63.9,2016-10-18 09:51:00,WSW,253,4.9,2.9,0.01
2016-10-18 09:56:00,,,2016-10-18 16:56:00,50.9,0.00,62,29.80,WS-1001 V2.3.3,230.83,64.2,2016-10-18 09:56:00,WSW,257,2.5,2.5,0.01
2016-10-18 10:01:00,,,2016-10-18 17:01:00,52.0,0.00,64,29.80,WS-1001 V2.3.3,245.35,64.4,2016-10-18 10:01:00,West,269,4.9,2.9,0.01
2016-10-18 10:06:00,,,2016-10-18 17:06:00,51.4,0.00,62,29.81,WS-1001 V2.3.3,260.50,64.8,2016-10-18 10:06:00,WSW,254,2.5,1.8,0.01
2016-10-18 10:11:00,,,2016-10-18 17:11:00,51.3,0.00,62,29.80,WS-1001 V2.3.3,276.71,64.6,2016-10-18 10:11:00,SSW,210,0.0,0.0,0.01
2016-10-18 10:17:00,,,2016-10-18 17:17:00,51.4,0.00,62,29.81,WS-1001 V2.3.3,288.04,64.8,2016-10-18 10:17:00,WNW,283,2.5,1.3,0.01
2016-10-18 10:22:00,,,2016-10-18 17:22:00,51.6,0.00,62,29.80,WS-1001 V2.3.3,310.70,64.9,2016-10-18 10:22:00,SW,226,2.5,0.9,0.01
2016-10-18 10:27:00,,,2016-10-18 17:27:00,51.6,0.00,62,29.80,WS-1001 V2.3.3,326.62,64.9,2016-10-18 10:27:00,West,265,2.5,2.0,0.01
2016-10-18 10:32:00,,,2016-10-18 17:32:00,51.6,0.00,62,29.80,WS-1001 V2.3.3,327.29,64.9,2016-10-18 10:32:00,SW,223,4.9,4.5,0.01
2016-10-18 10:37:00,,,2016-10-18 17:37:00,51.8,0.00,62,29.80,WS-1001 V2.3.3,265.21,65.1,2016-10-18 10:37:00,WNW,287,0.0,0.0,0.01
2016-10-18 10:42:00,,,2016-10-18 17:42:00,51.1,0.00,60,29.80,WS-1001 V2.3.3,375.21,65.3,2016-10-18 10:42:00,West,278,2.5,2.0,0.01
2016-10-18 10:48:00,,,2016-10-18 17:48:00,50.9,0.00,59,29.80,WS-1001 V2.3.3,391.25,65.5,2016-10-18 10:48:00,WSW,250,4.9,4.0,0.01
2016-10-18 10:53:00,,,2016-10-18 17:53:00,50.9,0.00,59,29.80,WS-1001 V2.3.3,406.43,65.7,2016-10-18 10:53:00,WSW,257,4.9,2.7,0.01
2016-10-18 10:58:00,,,2016-10-18 17:58:00,50.7,0.00,58,29.80,WS-1001 V2.3.3,425.18,65.8,2016-10-18 10:58:00,SSW,210,4.9,2.9,0.01
2016-10-18 11:01:00,,,2016-10-18 18:01:00,50.4,0.00,57,29.80,WS-1001 V2.3.3,437.44,66.0,2016-10-18 11:01:00,South,186,0.0,0.0,0.01
2016-10-18 11:06:00,,,2016-10-18 18:06:00,48.9,0.00,53,29.80,WS-1001 V2.3.3,456.66,66.6,2016-10-18 11:06:00,NNW,328,2.5,0.9,0.01
2016-10-18 11:12:00,,,2016-10-18 18:12:00,50.4,0.00,55,29.80,WS-1001 V2.3.3,473.16,66.9,2016-10-18 11:12:00,WNW,283,2.5,2.0,0.01
2016-10-18 11:17:00,,,2016-10-18 18:17:00,49.5,0.00,53,29.80,WS-1001 V2.3.3,490.74,67.1,2016-10-18 11:17:00,SW,219,7.4,5.8,0.01
2016-10-18 11:22:00,,,2016-10-18 18:22:00,49.8,0.00,53,29.80,WS-1001 V2.3.3,510.63,67.5,2016-10-18 11:22:00,SW,216,7.4,5.1,0.01
2016-10-18 11:23:00,,,2016-10-18 18:23:00,49.5,0.00,52,29.79,WS-1001 V2.3.3,513.84,67.6,2016-10-18 11:23:00,SSW,199,2.5,0.9,0.01
2016-10-18 11:29:00,,,2016-10-18 18:29:00,49.5,0.00,51,29.79,WS-1001 V2.3.3,537.17,68.2,2016-10-18 11:29:00,SSW,196,4.9,4.3,0.01
2016-10-18 11:34:00,,,2016-10-18 18:34:00,48.7,0.00,49,29.79,WS-1001 V2.3.3,415.89,68.5,2016-10-18 11:34:00,SW,216,4.9,4.0,0.01
2016-10-18 11:39:00,,,2016-10-18 18:39:00,49.5,0.00,50,29.79,WS-1001 V2.3.3,574.70,68.9,2016-10-18 11:39:00,West,269,7.4,5.6,0.01
2016-10-18 11:44:00,,,2016-10-18 18:44:00,50.4,0.00,51,29.79,WS-1001 V2.3.3,586.99,69.3,2016-10-18 11:44:00,West,277,7.4,5.6,0.01
2016-10-18 11:45:00,,,2016-10-18 18:45:00,50.4,0.00,51,29.79,WS-1001 V2.3.3,589.50,69.3,2016-10-18 11:45:00,WSW,251,4.9,4.0,0.01
2016-10-18 11:50:00,,,2016-10-18 18:50:00,50.0,0.00,50,29.79,WS-1001 V2.3.3,604.86,69.4,2016-10-18 11:50:00,West,278,7.4,5.6,0.01
2016-10-18 11:55:00,,,2016-10-18 18:55:00,50.0,0.00,50,29.79,WS-1001 V2.3.3,617.33,69.4,2016-10-18 11:55:00,WSW,237,7.4,6.0,0.01
2016-10-18 12:00:00,,,2016-10-18 19:00:00,50.0,0.00,50,29.79,WS-1001 V2.3.3,632.23,69.4,2016-10-18 12:00:00,South,182,0.0,0.0,0.01
2016-10-18 12:05:00,,,2016-10-18 19:05:00,49.3,0.00,49,29.79,WS-1001 V2.3.3,645.11,69.3,2016-10-18 12:05:00,SW,219,9.8,8.3,0.01
2016-10-18 12:10:00,,,2016-10-18 19:10:00,47.8,0.00,46,29.78,WS-1001 V2.3.3,655.91,69.4,2016-10-18 12:10:00,West,275,7.4,5.6,0.01
2016-10-18 12:15:00,,,2016-10-18 19:15:00,48.6,0.00,47,29.79,WS-1001 V2.3.3,662.37,69.6,2016-10-18 12:15:00,WSW,258,9.8,8.9,0.01
2016-10-18 12:25:00,,,2016-10-18 19:25:00,47.5,0.00,45,29.78,WS-1001 V2.3.3,670.02,69.8,2016-10-18 12:25:00,West,260,7.4,5.6,0.01
2016-10-18 12:30:00,,,2016-10-18 19:30:00,48.4,0.00,46,29.79,WS-1001 V2.3.3,676.94,70.2,2016-10-18 12:30:00,WSW,249,4.9,4.5,0.01
2016-10-18 12:35:00,,,2016-10-18 19:35:00,47.8,0.00,45,29.78,WS-1001 V2.3.3,679.07,70.2,2016-10-18 12:35:00,West,276,4.9,2.7,0.01
2016-10-18 12:40:00,,,2016-10-18 19:40:00,47.5,0.00,44,29.78,WS-1001 V2.3.3,687.33,70.3,2016-10-18 12:40:00,West,274,4.9,2.7,0.01
2016-10-18 12:42:00,,,2016-10-18 19:42:00,47.5,0.00,44,29.78,WS-1001 V2.3.3,686.95,70.3,2016-10-18 12:42:00,SW,221,12.3,9.2,0.01
2016-10-18 12:47:00,,,2016-10-18 19:47:00,46.9,0.00,43,29.78,WS-1001 V2.3.3,693.20,70.5,2016-10-18 12:47:00,West,260,4.9,4.5,0.01
2016-10-18 12:52:00,,,2016-10-18 19:52:00,46.8,0.00,42,29.78,WS-1001 V2.3.3,694.61,70.9,2016-10-18 12:52:00,SSW,193,2.5,1.1,0.01
2016-10-18 13:02:00,,,2016-10-18 20:02:00,46.9,0.00,42,29.77,WS-1001 V2.3.3,701.96,71.1,2016-10-18 13:02:00,WSW,254,7.4,5.8,0.01
2016-10-18 13:07:00,,,2016-10-18 20:07:00,46.9,0.00,42,29.77,WS-1001 V2.3.3,707.75,71.2,2016-10-18 13:07:00,SW,221,7.4,4.3,0.01
2016-10-18 13:12:00,,,2016-10-18 20:12:00,48.0,0.00,43,29.76,WS-1001 V2.3.3,711.16,71.6,2016-10-18 13:12:00,SW,220,9.8,8.1,0.01
2016-10-18 13:22:00,,,2016-10-18 20:22:00,47.5,0.00,42,29.76,WS-1001 V2.3.3,713.21,71.8,2016-10-18 13:22:00,WNW,298,7.4,6.0,0.01
2016-10-18 13:32:00,,,2016-10-18 20:32:00,47.7,0.00,42,29.76,WS-1001 V2.3.3,717.68,72.0,2016-10-18 13:32:00,West,278,7.4,5.6,0.01
2016-10-18 13:37:00,,,2016-10-18 20:37:00,47.3,0.00,41,29.76,WS-1001 V2.3.3,721.09,72.3,2016-10-18 13:37:00,West,263,7.4,6.0,0.01
2016-10-18 13:42:00,,,2016-10-18 20:42:00,47.3,0.00,41,29.76,WS-1001 V2.3.3,722.61,72.3,2016-10-18 13:42:00,WNW,283,7.4,5.8,0.01
2016-10-18 13:48:00,,,2016-10-18 20:48:00,46.9,0.00,40,29.76,WS-1001 V2.3.3,728.31,72.7,2016-10-18 13:48:00,SW,218,7.4,5.1,0.01
2016-10-18 13:53:00,,,2016-10-18 20:53:00,47.7,0.00,41,29.75,WS-1001 V2.3.3,728.36,72.7,2016-10-18 13:53:00,SW,223,4.9,4.9,0.01
2016-10-18 13:58:00,,,2016-10-18 20:58:00,46.8,0.00,39,29.76,WS-1001 V2.3.3,729.18,73.0,2016-10-18 13:58:00,SSW,210,2.5,1.1,0.01
2016-10-18 14:03:00,,,2016-10-18 21:03:00,46.2,0.00,38,29.75,WS-1001 V2.3.3,731.84,73.2,2016-10-18 14:03:00,WNW,287,7.4,5.8,0.01
2016-10-18 14:08:00,,,2016-10-18 21:08:00,46.9,0.00,39,29.75,WS-1001 V2.3.3,730.44,73.4,2016-10-18 14:08:00,WSW,256,4.9,4.5,0.01
2016-10-18 14:13:00,,,2016-10-18 21:13:00,46.9,0.00,39,29.75,WS-1001 V2.3.3,728.04,73.4,2016-10-18 14:13:00,West,274,4.9,4.9,0.01
2016-10-18 14:18:00,,,2016-10-18 21:18:00,46.9,0.00,39,29.75,WS-1001 V2.3.3,726.47,73.4,2016-10-18 14:18:00,NW,314,2.5,0.9,0.01
2016-10-18 14:23:00,,,2016-10-18 21:23:00,46.4,0.00,38,29.75,WS-1001 V2.3.3,724.77,73.6,2016-10-18 14:23:00,SW,221,7.4,5.1,0.01
2016-10-18 14:28:00,,,2016-10-18 21:28:00,46.4,0.00,38,29.75,WS-1001 V2.3.3,719.89,73.6,2016-10-18 14:28:00,WSW,253,7.4,6.5,0.01
2016-10-18 14:33:00,,,2016-10-18 21:33:00,45.9,0.00,37,29.74,WS-1001 V2.3.3,719.25,73.8,2016-10-18 14:33:00,SW,220,7.4,5.8,0.01
2016-10-18 14:38:00,,,2016-10-18 21:38:00,44.6,0.00,35,29.74,WS-1001 V2.3.3,718.41,73.9,2016-10-18 14:38:00,SSW,206,4.9,4.0,0.01
2016-10-18 14:43:00,,,2016-10-18 21:43:00,45.0,0.00,35,29.74,WS-1001 V2.3.3,715.40,74.3,2016-10-18 14:43:00,WNW,295,2.5,1.3,0.01
2016-10-18 14:48:00,,,2016-10-18 21:48:00,46.0,0.00,36,29.73,WS-1001 V2.3.3,713.00,74.7,2016-10-18 14:48:00,SSW,213,7.4,4.9,0.01
2016-10-18 14:53:00,,,2016-10-18 21:53:00,45.5,0.00,35,29.74,WS-1001 V2.3.3,707.02,74.8,2016-10-18 14:53:00,WSW,256,4.9,2.5,0.01
2016-10-18 14:58:00,,,2016-10-18 21:58:00,46.4,0.00,36,29.74,WS-1001 V2.3.3,701.23,75.0,2016-10-18 14:58:00,WNW,289,4.9,2.7,0.01
2016-10-18 15:04:00,,,2016-10-18 22:04:00,45.7,0.00,35,29.73,WS-1001 V2.3.3,697.12,75.2,2016-10-18 15:04:00,SW,236,7.4,7.2,0.01
2016-10-18 15:09:00,,,2016-10-18 22:09:00,47.3,0.00,37,29.73,WS-1001 V2.3.3,692.06,75.4,2016-10-18 15:09:00,WSW,253,9.8,8.3,0.01
2016-10-18 15:14:00,,,2016-10-18 22:14:00,48.0,0.00,38,29.73,WS-1001 V2.3.3,681.73,75.4,2016-10-18 15:14:00,West,279,2.5,0.9,0.01
2016-10-18 15:19:00,,,2016-10-18 22:19:00,48.2,0.00,38,29.73,WS-1001 V2.3.3,673.40,75.6,2016-10-18 15:19:00,SSW,195,2.5,1.8,0.01
2016-10-18 15:24:00,,,2016-10-18 22:24:00,50.7,0.00,42,29.73,WS-1001 V2.3.3,662.98,75.4,2016-10-18 15:24:00,WSW,248,7.4,3.6,0.01
2016-10-18 15:29:00,,,2016-10-18 22:29:00,50.7,0.00,42,29.74,WS-1001 V2.3.3,654.25,75.4,2016-10-18 15:29:00,SW,222,7.4,5.1,0.01
2016-10-18 15:34:00,,,2016-10-18 22:34:00,50.5,0.00,42,29.74,WS-1001 V2.3.3,645.54,75.2,2016-10-18 15:34:00,West,265,7.4,5.6,0.01
2016-10-18 15:39:00,,,2016-10-18 22:39:00,49.8,0.00,41,29.74,WS-1001 V2.3.3,638.80,75.0,2016-10-18 15:39:00,NW,309,2.5,2.5,0.01
2016-10-18 15:44:00,,,2016-10-18 22:44:00,51.4,0.00,44,29.74,WS-1001 V2.3.3,626.53,74.8,2016-10-18 15:44:00,West,275,4.9,2.9,0.01
2016-10-18 15:49:00,,,2016-10-18 22:49:00,52.0,0.00,45,29.74,WS-1001 V2.3.3,615.52,74.7,2016-10-18 15:49:00,WSW,241,9.8,7.6,0.01
2016-10-18 15:54:00,,,2016-10-18 22:54:00,54.1,0.00,49,29.74,WS-1001 V2.3.3,602.67,74.5,2016-10-18 15:54:00,WSW,254,9.8,7.4,0.01
2016-10-18 15:59:00,,,2016-10-18 22:59:00,54.5,0.00,50,29.75,WS-1001 V2.3.3,593.68,74.3,2016-10-18 15:59:00,WSW,246,7.4,7.2,0.01
2016-10-18 16:04:00,,,2016-10-18 23:04:00,54.1,0.00,50,29.74,WS-1001 V2.3.3,581.01,73.9,2016-10-18 16:04:00,SW,222,4.9,4.0,0.01
2016-10-18 16:09:00,,,2016-10-18 23:09:00,54.3,0.00,51,29.74,WS-1001 V2.3.3,570.67,73.6,2016-10-18 16:09:00,WNW,285,4.9,2.7,0.01
2016-10-18 16:14:00,,,2016-10-18 23:14:00,53.6,0.00,50,29.74,WS-1001 V2.3.3,559.72,73.4,2016-10-18 16:14:00,West,272,2.5,1.8,0.01
2016-10-18 16:20:00,,,2016-10-18 23:20:00,52.9,0.00,49,29.74,WS-1001 V2.3.3,546.58,73.2,2016-10-18 16:20:00,West,275,4.9,3.6,0.01
2016-10-18 16:25:00,,,2016-10-18 23:25:00,53.4,0.00,50,29.74,WS-1001 V2.3.3,535.98,73.0,2016-10-18 16:25:00,West,269,9.8,8.1,0.01
2016-10-18 16:30:00,,,2016-10-18 23:30:00,52.7,0.00,49,29.74,WS-1001 V2.3.3,523.04,72.9,2016-10-18 16:30:00,West,259,7.4,5.6,0.01
2016-10-18 16:35:00,,,2016-10-18 23:35:00,53.2,0.00,50,29.74,WS-1001 V2.3.3,511.24,72.9,2016-10-18 16:35:00,South,190,7.4,4.5,0.01
2016-10-18 16:40:00,,,2016-10-18 23:40:00,53.2,0.00,50,29.74,WS-1001 V2.3.3,495.21,72.9,2016-10-18 16:40:00,WSW,246,9.8,6.5,0.01
2016-10-18 16:45:00,,,2016-10-18 23:45:00,52.9,0.00,50,29.74,WS-1001 V2.3.3,480.11,72.5,2016-10-18 16:45:00,West,276,7.4,4.9,0.01
2016-10-18 16:50:00,,,2016-10-18 23:50:00,53.2,0.00,51,29.74,WS-1001 V2.3.3,462.21,72.3,2016-10-18 16:50:00,West,280,9.8,8.7,0.01
2016-10-18 16:55:00,,,2016-10-18 23:55:00,52.9,0.00,51,29.73,WS-1001 V2.3.3,443.78,72.0,2016-10-18 16:55:00,West,276,4.9,3.6,0.01
2016-10-18 17:00:00,,,2016-10-19 00:00:00,52.7,0.00,51,29.74,WS-1001 V2.3.3,386.40,71.8,2016-10-18 17:00:00,WNW,291,7.4,5.1,0.01
2016-10-18 17:05:00,,,2016-10-19 00:05:00,52.3,0.00,51,29.74,WS-1001 V2.3.3,402.93,71.4,2016-10-18 17:05:00,West,266,7.4,5.1,0.01
2016-10-18 17:10:00,,,2016-10-19 00:10:00,52.2,0.00,51,29.73,WS-1001 V2.3.3,381.17,71.2,2016-10-18 17:10:00,West,268,2.5,2.0,0.01
2016-10-18 17:15:00,,,2016-10-19 00:15:00,52.2,0.00,51,29.73,WS-1001 V2.3.3,356.85,71.1,2016-10-18 17:15:00,West,268,4.9,4.0,0.01
2016-10-18 17:20:00,,,2016-10-19 00:20:00,52.5,0.00,52,29.73,WS-1001 V2.3.3,331.03,70.9,2016-10-18 17:20:00,West,267,7.4,5.1,0.01
2016-10-18 17:25:00,,,2016-10-19 00:25:00,52.3,0.00,52,29.73,WS-1001 V2.3.3,303.58,70.7,2016-10-18 17:25:00,WSW,242,4.9,4.3,0.01
2016-10-18 17:30:00,,,2016-10-19 00:30:00,53.1,0.00,54,29.74,WS-1001 V2.3.3,270.96,70.5,2016-10-18 17:30:00,SW,222,7.4,6.5,0.01
2016-10-18 17:36:00,,,2016-10-19 00:36:00,53.2,0.00,55,29.74,WS-1001 V2.3.3,215.04,70.2,2016-10-18 17:36:00,West,273,4.9,4.0,0.01
2016-10-18 17:41:00,,,2016-10-19 00:41:00,52.9,0.00,55,29.74,WS-1001 V2.3.3,201.52,69.8,2016-10-18 17:41:00,WSW,258,2.5,2.0,0.01
2016-10-18 17:46:00,,,2016-10-19 00:46:00,53.6,0.00,57,29.74,WS-1001 V2.3.3,163.61,69.4,2016-10-18 17:46:00,WSW,253,2.5,1.3,0.01
2016-10-18 17:51:00,,,2016-10-19 00:51:00,53.1,0.00,57,29.74,WS-1001 V2.3.3,125.50,68.9,2016-10-18 17:51:00,SW,217,2.5,1.8,0.01
2016-10-18 17:56:00,,,2016-10-19 00:56:00,53.1,0.00,58,29.74,WS-1001 V2.3.3,81.78,68.4,2016-10-18 17:56:00,SW,220,0.0,0.0,0.01
2016-10-18 18:01:00,,,2016-10-19 01:01:00,54.0,0.00,61,29.74,WS-1001 V2.3.3,40.61,67.8,2016-10-18 18:01:00,SW,232,2.5,1.3,0.01
